source_section,clause_id,source_anchor,requirement,target_story,proposed_treatment,implementation_status,semantic_verification,planned_check
WSJF-01,WSJF-01.01,docs/sot-optimization/sources/wsjf-multi-agent-input-2026-09-26.md#L37-L56,"WSJF ist Cost of Delay geteilt durch Job Size; Cost of Delay summiert Business Value, Time Criticality und Risk Reduction/Opportunity Enablement.",ST-SOT-19,MERGE_REQUIRED,NOT_IMPLEMENTED,PENDING,"Fixture mit BV 13, TC 5, RR 3, Size 5 ergibt CoD 21 und WSJF 4.2; kein Auto-Start."
WSJF-01,WSJF-01.02,docs/sot-optimization/sources/wsjf-multi-agent-input-2026-09-26.md#L37-L56,Codex schlägt alle Eingabewerte automatisch vor; WSJF ist Priorisierungshilfe und keine automatische Ausführungsentscheidung.,ST-SOT-19,MERGE_REQUIRED,NOT_IMPLEMENTED,PENDING,"Fixture mit BV 13, TC 5, RR 3, Size 5 ergibt CoD 21 und WSJF 4.2; kein Auto-Start."
WSJF-02,WSJF-02.01,docs/sot-optimization/sources/wsjf-multi-agent-input-2026-09-26.md#L57-L76,"Für alle vier Eingabewerte gilt ausschließlich die relative Skala 1,2,3,5,8,13,20 ohne Zwischenwerte.",ST-SOT-19,MERGE_REQUIRED,NOT_IMPLEMENTED,PENDING,"Feldvalidierung akzeptiert 1,2,3,5,8,13,20 und verwirft Zwischenwert 4."
WSJF-02,WSJF-02.02,docs/sot-optimization/sources/wsjf-multi-agent-input-2026-09-26.md#L57-L76,Skalenbedeutung von sehr gering (1) bis extrem (20) bleibt erhalten.,ST-SOT-19,MERGE_REQUIRED,NOT_IMPLEMENTED,PENDING,"Feldvalidierung akzeptiert 1,2,3,5,8,13,20 und verwirft Zwischenwert 4."
WSJF-03,WSJF-03.01,docs/sot-optimization/sources/wsjf-multi-agent-input-2026-09-26.md#L77-L110,"Codex schlägt Business Value anhand von Nutzwert, Nutzungshäufigkeit, zentralen Workflows, Kundenwert, Projektzielen, Problemen und Enabler-Wirkung mit Begründung vor.",ST-SOT-19,MERGE_REQUIRED,NOT_IMPLEMENTED,PENDING,Proposed BV wird begründet; Confirmed und Overridden bleiben nach Re-Evaluation identisch.
WSJF-03,WSJF-03.02,docs/sot-optimization/sources/wsjf-multi-agent-input-2026-09-26.md#L77-L110,"Business Value trägt Status Proposed, Confirmed oder Overridden; Standard ist Proposed.",ST-SOT-19,MERGE_REQUIRED,NOT_IMPLEMENTED,PENDING,Proposed BV wird begründet; Confirmed und Overridden bleiben nach Re-Evaluation identisch.
WSJF-03,WSJF-03.03,docs/sot-optimization/sources/wsjf-multi-agent-input-2026-09-26.md#L77-L110,Bestätigte oder überschriebene Business Values haben Vorrang und werden nie automatisch geändert.,ST-SOT-19,MERGE_REQUIRED,NOT_IMPLEMENTED,PENDING,Proposed BV wird begründet; Confirmed und Overridden bleiben nach Re-Evaluation identisch.
WSJF-04,WSJF-04.01,docs/sot-optimization/sources/wsjf-multi-agent-input-2026-09-26.md#L111-L130,"Codex bewertet Time Criticality anhand von Fristen, Releases, Saison, externen Abhängigkeiten, Blockaden und Wertverlust mit Begründung; manuelle Bestätigung ist standardmäßig entbehrlich.",ST-SOT-19,MERGE_REQUIRED,NOT_IMPLEMENTED,PENDING,Story mit Deadline und blockiertem Nachfolger erhält begründeten TC-Vorschlag ohne Pflichtbestätigung.
WSJF-05,WSJF-05.01,docs/sot-optimization/sources/wsjf-multi-agent-input-2026-09-26.md#L131-L161,"Codex bewertet Risk Reduction anhand technischer, Sicherheits-, Datenschutz-, Vendor-, Architektur- und Annahmerisiken mit Begründung.",ST-SOT-19,MERGE_REQUIRED,NOT_IMPLEMENTED,PENDING,Risiko- und Enabler-Fixture erzeugen je begründete RR/OE-Bewertung.
WSJF-05,WSJF-05.02,docs/sot-optimization/sources/wsjf-multi-agent-input-2026-09-26.md#L131-L161,"Codex bewertet Opportunity Enablement anhand freigeschalteter Stories, wiederverwendbarer Fähigkeiten, neuer Produktmöglichkeiten und geringerem Folgeaufwand mit Begründung.",ST-SOT-19,MERGE_REQUIRED,NOT_IMPLEMENTED,PENDING,Risiko- und Enabler-Fixture erzeugen je begründete RR/OE-Bewertung.
WSJF-06,WSJF-06.01,docs/sot-optimization/sources/wsjf-multi-agent-input-2026-09-26.md#L162-L190,"Codex bewertet Job Size relativ zum tatsächlichen Repositoryzustand einschließlich Komponenten, UI, Backend, API, Datenbank, Migrationen, Tests, Security und Unsicherheit.",ST-SOT-19,MERGE_REQUIRED,NOT_IMPLEMENTED,PENDING,Repository-Fixture mit UI/API/DB/Test-Änderung erzeugt relative Size statt Zeitangabe.
WSJF-06,WSJF-06.02,docs/sot-optimization/sources/wsjf-multi-agent-input-2026-09-26.md#L162-L190,"Job Size ist keine Zeitabschätzung und verwendet nur 1,2,3,5,8,13,20.",ST-SOT-19,MERGE_REQUIRED,NOT_IMPLEMENTED,PENDING,Repository-Fixture mit UI/API/DB/Test-Änderung erzeugt relative Size statt Zeitangabe.
WSJF-07,WSJF-07.01,docs/sot-optimization/sources/wsjf-multi-agent-input-2026-09-26.md#L191-L211,"Bei Job Size 13 oder 20 prüft Codex automatisch eine Zerlegung in kleinere vertikale, eigenständig wertliefernde Stories.",ST-SOT-19,MERGE_REQUIRED,NOT_IMPLEMENTED,PENDING,Story mit Size 13 löst Zerlegungsprüfung aus; Split bewahrt AC/Traceability und berechnet neue WSJF.
WSJF-07,WSJF-07.02,docs/sot-optimization/sources/wsjf-multi-agent-input-2026-09-26.md#L191-L211,Bei Zerlegung bleiben Traceability und Acceptance Criteria erhalten; WSJF wird für die neuen Stories neu berechnet.,ST-SOT-19,MERGE_REQUIRED,NOT_IMPLEMENTED,PENDING,Story mit Size 13 löst Zerlegungsprüfung aus; Split bewahrt AC/Traceability und berechnet neue WSJF.
WSJF-07,WSJF-07.03,docs/sot-optimization/sources/wsjf-multi-agent-input-2026-09-26.md#L191-L211,"Eine große Story bleibt nur bestehen, wenn weitere Zerlegung eigenständigen fachlichen Wert zerstören würde.",ST-SOT-19,MERGE_REQUIRED,NOT_IMPLEMENTED,PENDING,Story mit Size 13 löst Zerlegungsprüfung aus; Split bewahrt AC/Traceability und berechnet neue WSJF.
WSJF-08,WSJF-08.01,docs/sot-optimization/sources/wsjf-multi-agent-input-2026-09-26.md#L212-L241,"Jede automatische Bewertung dokumentiert Confidence High, Medium oder Low.",ST-SOT-19,MERGE_REQUIRED,NOT_IMPLEMENTED,PENDING,Low-Confidence-Fixture zeigt fehlende Evidenz und berechnet trotzdem WSJF.
WSJF-08,WSJF-08.02,docs/sot-optimization/sources/wsjf-multi-agent-input-2026-09-26.md#L212-L241,"Low Confidence dokumentiert fehlende Information, unsichere Annahme oder unzureichend untersuchten Technikbereich sichtbar; sie blockiert die WSJF-Berechnung nicht.",ST-SOT-19,MERGE_REQUIRED,NOT_IMPLEMENTED,PENDING,Low-Confidence-Fixture zeigt fehlende Evidenz und berechnet trotzdem WSJF.
WSJF-09,WSJF-09.01,docs/sot-optimization/sources/wsjf-multi-agent-input-2026-09-26.md#L242-L270,Cost of Delay und WSJF werden ausschließlich aus den Eingabewerten berechnet; WSJF selbst wird nie manuell geschätzt.,ST-SOT-19,MERGE_REQUIRED,NOT_IMPLEMENTED,PENDING,Rechner-Fixture mit 13+5+3 und Size 5 ergibt CoD 21/WSJF 4.2; manuelles WSJF-Feld gesperrt.
WSJF-10,WSJF-10.01,docs/sot-optimization/sources/wsjf-multi-agent-input-2026-09-26.md#L271-L295,Innerhalb vergleichbarer Backlogs werden Stories grundsätzlich nach absteigendem WSJF sortiert.,ST-SOT-19,MERGE_REQUIRED,NOT_IMPLEMENTED,PENDING,Vergleichbarer Backlog wird nach WSJF sortiert; Security-Override erscheint mit Grund.
WSJF-10,WSJF-10.02,docs/sot-optimization/sources/wsjf-multi-agent-input-2026-09-26.md#L271-L295,"Abweichungen wegen harter Abhängigkeiten, Sicherheit, Datenschutz, Regulierung, Blockern, Enablern, Fristen oder manueller Priorität werden kurz begründet.",ST-SOT-19,MERGE_REQUIRED,NOT_IMPLEMENTED,PENDING,Vergleichbarer Backlog wird nach WSJF sortiert; Security-Override erscheint mit Grund.
WSJF-11,WSJF-11.01,docs/sot-optimization/sources/wsjf-multi-agent-input-2026-09-26.md#L296-L321,"Codex analysiert, schlägt vor, begründet und berechnet alle Werte; Nutzende korrigieren nur bei Bedarf.",ST-SOT-19,MERGE_REQUIRED,NOT_IMPLEMENTED,PENDING,Proposed-BV-Story bleibt ohne Nutzerbestätigung startbar und besitzt begründete Werte.
WSJF-11,WSJF-11.02,docs/sot-optimization/sources/wsjf-multi-agent-input-2026-09-26.md#L296-L321,Unbestätigter vorgeschlagener Business Value blockiert keine Story.,ST-SOT-19,MERGE_REQUIRED,NOT_IMPLEMENTED,PENDING,Proposed-BV-Story bleibt ohne Nutzerbestätigung startbar und besitzt begründete Werte.
WSJF-12,WSJF-12.01,docs/sot-optimization/sources/wsjf-multi-agent-input-2026-09-26.md#L322-L390,"Jede Story führt ID, Titel, User Story, Value Description, vier WSJF-Eingaben, Value Status, Confidence, Cost of Delay und WSJF.",ST-SOT-19,MERGE_REQUIRED,NOT_IMPLEMENTED,PENDING,Story-Schema-Fixture prüft alle Pflichtfelder und verwirft fehlenden Agent-/Integrationszustand.
WSJF-12,WSJF-12.02,docs/sot-optimization/sources/wsjf-multi-agent-input-2026-09-26.md#L322-L390,"Jede Story führt Acceptance Criteria, Dependencies, Status, Execution State sowie Tasks/Subtasks.",ST-SOT-19,MERGE_REQUIRED,NOT_IMPLEMENTED,PENDING,Story-Schema-Fixture prüft alle Pflichtfelder und verwirft fehlenden Agent-/Integrationszustand.
WSJF-12,WSJF-12.03,docs/sot-optimization/sources/wsjf-multi-agent-input-2026-09-26.md#L322-L390,"Jede Story führt Assigned Agent, Blocking Stories, Blocked By, Parallelization Status, Conflict Scope und Integration Status.",ST-SOT-19,MERGE_REQUIRED,NOT_IMPLEMENTED,PENDING,Story-Schema-Fixture prüft alle Pflichtfelder und verwirft fehlenden Agent-/Integrationszustand.
WSJF-13,WSJF-13.01,docs/sot-optimization/sources/wsjf-multi-agent-input-2026-09-26.md#L391-L417,Bestehende Backlogs erhalten Zusatzfelder ohne neue Story-Erfindung oder Änderung fachlicher Anforderungen und Acceptance Criteria.,ST-SOT-19,MERGE_REQUIRED,NOT_IMPLEMENTED,PENDING,"Altstory-Fixture behält AC, Originalentscheidung und Anforderungs-zu-Test-Kette nach Erweiterung."
WSJF-13,WSJF-13.02,docs/sot-optimization/sources/wsjf-multi-agent-input-2026-09-26.md#L391-L417,"Ursprüngliche Entscheidungen und Traceability von Originalanforderung über Epic, Story, Task und Implementierung bis Test bleiben erhalten.",ST-SOT-19,MERGE_REQUIRED,NOT_IMPLEMENTED,PENDING,"Altstory-Fixture behält AC, Originalentscheidung und Anforderungs-zu-Test-Kette nach Erweiterung."
WSJF-14,WSJF-14.01,docs/sot-optimization/sources/wsjf-multi-agent-input-2026-09-26.md#L418-L435,"Mehrere Agents, Worker und Chats arbeiten in einem Scrum-Team mit genau einem gemeinsamen Product Backlog.",ST-SOT-20,MERGE_REQUIRED,NOT_IMPLEMENTED,PENDING,Zwei-Agenten-Fixture nutzt denselben Backlog; zweiter Backlog und ungeprüftes Überschreiben werden abgewiesen.
WSJF-14,WSJF-14.02,docs/sot-optimization/sources/wsjf-multi-agent-input-2026-09-26.md#L418-L435,"Kein Agent legt konkurrierende Backlogs oder Prioritätsregeln an, ändert Projektregeln eigenständig, deutet Anforderungen fachlich um oder überschreibt laufende Arbeit ungeprüft.",ST-SOT-20,MERGE_REQUIRED,NOT_IMPLEMENTED,PENDING,Zwei-Agenten-Fixture nutzt denselben Backlog; zweiter Backlog und ungeprüftes Überschreiben werden abgewiesen.
WSJF-15,WSJF-15.01,docs/sot-optimization/sources/wsjf-multi-agent-input-2026-09-26.md#L436-L459,"Der gemeinsame Scrum-State ist die Source of Truth für Epics, Stories, Tasks, WSJF, Status, Execution State und Dependencies.",ST-SOT-20,MERGE_REQUIRED,NOT_IMPLEMENTED,PENDING,"Zwei-Agenten-Fixture liest Claims, Blocker, Review und Entscheidung aus demselben State."
WSJF-15,WSJF-15.02,docs/sot-optimization/sources/wsjf-multi-agent-input-2026-09-26.md#L436-L459,"Der gemeinsame State führt Claims, Blocker, Agent-Zuweisungen, Review, Integration und offene Benutzerentscheidungen.",ST-SOT-20,MERGE_REQUIRED,NOT_IMPLEMENTED,PENDING,"Zwei-Agenten-Fixture liest Claims, Blocker, Review und Entscheidung aus demselben State."
WSJF-16,WSJF-16.01,docs/sot-optimization/sources/wsjf-multi-agent-input-2026-09-26.md#L460-L480,"Execution State ist getrennt vom fachlichen Status und besitzt Backlog, Ready, Claimed, In Progress, Review, Integration, Blocked und Done.",ST-SOT-20,MERGE_REQUIRED,NOT_IMPLEMENTED,PENDING,Status-Fixture unterscheidet fachlichen Status von allen acht operativen Execution States.
WSJF-17,WSJF-17.01,docs/sot-optimization/sources/wsjf-multi-agent-input-2026-09-26.md#L481-L501,Eine dynamische Ready Queue wird aus dem Product Backlog gebildet und grundsätzlich nach WSJF sortiert.,ST-SOT-20,MERGE_REQUIRED,NOT_IMPLEMENTED,PENDING,Ready-Fixture ohne AC/Vorgängerauflösung bleibt draußen; erfüllte Fixture wird nach WSJF sortiert.
WSJF-17,WSJF-17.02,docs/sot-optimization/sources/wsjf-multi-agent-input-2026-09-26.md#L481-L501,"Aufnahme in die Ready Queue setzt klare Anforderung, Acceptance Criteria, dokumentierte und erfüllte Vorgänger, keine zwingende offene Nutzerentscheidung und sinnvollen technischen Start voraus.",ST-SOT-20,MERGE_REQUIRED,NOT_IMPLEMENTED,PENDING,Ready-Fixture ohne AC/Vorgängerauflösung bleibt draußen; erfüllte Fixture wird nach WSJF sortiert.
WSJF-18,WSJF-18.01,docs/sot-optimization/sources/wsjf-multi-agent-input-2026-09-26.md#L502-L523,Ein freier Agent zieht die höchstpriorisierte tatsächlich ausführbare Ready Story.,ST-SOT-20,MERGE_REQUIRED,NOT_IMPLEMENTED,PENDING,Freier Agent überspringt blockierte/geclaimte Topstory und zieht höchste ausführbare Story.
WSJF-18,WSJF-18.02,docs/sot-optimization/sources/wsjf-multi-agent-input-2026-09-26.md#L502-L523,"Pull setzt ungelöste Blocker, vorhandene Claims, unzulässige Konflikte und Agent-Eignung vor Start in Beziehung; Dependencies gehen vor bloßem WSJF.",ST-SOT-20,MERGE_REQUIRED,NOT_IMPLEMENTED,PENDING,Freier Agent überspringt blockierte/geclaimte Topstory und zieht höchste ausführbare Story.
WSJF-19,WSJF-19.01,docs/sot-optimization/sources/wsjf-multi-agent-input-2026-09-26.md#L524-L550,"Vor Beginn claimt ein Agent Story oder Task mit Execution State Claimed, Assigned Agent und Claimed At.",ST-SOT-20,MERGE_REQUIRED,NOT_IMPLEMENTED,PENDING,"Claim-Fixture setzt Claimed, Agent und Timestamp vor Arbeit; Doppelclaim scheitert."
WSJF-19,WSJF-19.02,docs/sot-optimization/sources/wsjf-multi-agent-input-2026-09-26.md#L524-L550,Nach tatsächlichem Beginn wird In Progress gesetzt; andere Agents übernehmen die geclaimte Arbeit nicht eigenständig.,ST-SOT-20,MERGE_REQUIRED,NOT_IMPLEMENTED,PENDING,"Claim-Fixture setzt Claimed, Agent und Timestamp vor Arbeit; Doppelclaim scheitert."
WSJF-20,WSJF-20.01,docs/sot-optimization/sources/wsjf-multi-agent-input-2026-09-26.md#L551-L563,"Claim-Übernahme erfordert Freigabe, Abbruch, Controller-Reassignment oder ausdrückliche Benutzerzuweisung; stille Übernahme ist untersagt.",ST-SOT-20,MERGE_REQUIRED,NOT_IMPLEMENTED,PENDING,Übernahmeversuch ohne Freigabe scheitert; Controller-Reassignment ist protokolliert.
WSJF-21,WSJF-21.01,docs/sot-optimization/sources/wsjf-multi-agent-input-2026-09-26.md#L564-L590,"Jede Story erhält Parallelization Status Parallel Safe, Parallel With Coordination, Sequential oder Unknown.",ST-SOT-20,MERGE_REQUIRED,NOT_IMPLEMENTED,PENDING,"Vier Konflikt-Fixtures ergeben Safe, Coordination, Sequential und Unknown."
WSJF-21,WSJF-21.02,docs/sot-optimization/sources/wsjf-multi-agent-input-2026-09-26.md#L564-L590,"Die Einstufung zeigt unabhängige Arbeit, koordinationsbedürftige Überschneidung, nötige Vorgänger oder ungeklärte Konfliktlage an.",ST-SOT-20,MERGE_REQUIRED,NOT_IMPLEMENTED,PENDING,"Vier Konflikt-Fixtures ergeben Safe, Coordination, Sequential und Unknown."
WSJF-22,WSJF-22.01,docs/sot-optimization/sources/wsjf-multi-agent-input-2026-09-26.md#L591-L615,Vor Claim analysiert Codex den wahrscheinlichen technischen Conflict Scope der Story zur Früherkennung paralleler Konflikte.,ST-SOT-20,MERGE_REQUIRED,NOT_IMPLEMENTED,PENDING,Claim-Fixture prüft Datei-/Komponentenschnittmengen vor parallelem Start.
WSJF-23,WSJF-23.01,docs/sot-optimization/sources/wsjf-multi-agent-input-2026-09-26.md#L616-L631,"Optionales Parallelization Potential High, Medium oder Low beschreibt Verteilbarkeit von Story oder Tasks; es beeinflusst WSJF nicht.",ST-SOT-21,MERGE_REQUIRED,NOT_IMPLEMENTED,PENDING,Potential-Änderung High zu Low lässt WSJF numerisch unverändert.
WSJF-24,WSJF-24.01,docs/sot-optimization/sources/wsjf-multi-agent-input-2026-09-26.md#L632-L649,WSJF bleibt unabhängig von Agent-Zahl und Parallelisierbarkeit; Job Size darf wegen verfügbarer Worker nicht künstlich sinken.,ST-SOT-21,MERGE_REQUIRED,NOT_IMPLEMENTED,PENDING,Zusätzlicher Worker verändert weder Job Size noch WSJF.
WSJF-25,WSJF-25.01,docs/sot-optimization/sources/wsjf-multi-agent-input-2026-09-26.md#L650-L669,"Codex prüft sinnvolle Zerlegung in unabhängige überprüfbare Tasks oder vertikale Stories mit klaren Acceptance Criteria, geringer Konfliktlage und kontrollierbarer Integration.",ST-SOT-21,MERGE_REQUIRED,NOT_IMPLEMENTED,PENDING,Zerlegungs-Fixture akzeptiert nur unabhängig prüfbare Teile mit AC und Traceability.
WSJF-25,WSJF-25.02,docs/sot-optimization/sources/wsjf-multi-agent-input-2026-09-26.md#L650-L669,Keine künstliche Zerlegung zur Auslastung; Traceability bleibt erhalten.,ST-SOT-21,MERGE_REQUIRED,NOT_IMPLEMENTED,PENDING,Zerlegungs-Fixture akzeptiert nur unabhängig prüfbare Teile mit AC und Traceability.
WSJF-26,WSJF-26.01,docs/sot-optimization/sources/wsjf-multi-agent-input-2026-09-26.md#L670-L700,Fachliche Stories bleiben möglichst vertikal wertliefernd; technische Tasks dürfen anhand ihrer Abhängigkeiten parallel verteilt werden.,ST-SOT-21,MERGE_REQUIRED,NOT_IMPLEMENTED,PENDING,Story-Fixture bleibt vertikal; abhängige Tasks laufen sequenziell und unabhängige parallel.
WSJF-27,WSJF-27.01,docs/sot-optimization/sources/wsjf-multi-agent-input-2026-09-26.md#L701-L755,"Temporäre Rollen sind Implementation, Analysis, Review, Test, Integration und Backlog Refinement Agent.",ST-SOT-20,MERGE_REQUIRED,NOT_IMPLEMENTED,PENDING,Rollen-Fixture prüft sechs temporäre Rollen und ihre jeweiligen Übergabe-/Prüfaufgaben.
WSJF-27,WSJF-27.02,docs/sot-optimization/sources/wsjf-multi-agent-input-2026-09-26.md#L701-L755,"Rollen definieren Implementierung, Analyse, unabhängige Prüfung, Tests, Integration und Refinement; keine dauerhafte Rollenzuweisung.",ST-SOT-20,MERGE_REQUIRED,NOT_IMPLEMENTED,PENDING,Rollen-Fixture prüft sechs temporäre Rollen und ihre jeweiligen Übergabe-/Prüfaufgaben.
WSJF-27,WSJF-27.03,docs/sot-optimization/sources/wsjf-multi-agent-input-2026-09-26.md#L701-L755,"Implementation Agent implementiert Story oder Task; Analysis Agent prüft Anforderungen, Repository, Dependencies, technische Wirkung und Zerlegung.",ST-SOT-20,MERGE_REQUIRED,NOT_IMPLEMENTED,PENDING,Rollen-Fixture prüft sechs temporäre Rollen und ihre jeweiligen Übergabe-/Prüfaufgaben.
WSJF-27,WSJF-27.04,docs/sot-optimization/sources/wsjf-multi-agent-input-2026-09-26.md#L701-L755,"Review Agent prüft fremde Änderungen gegen Acceptance Criteria, Architektur, Design Guide, Security, Projekt- und Bildregeln sowie Tests.",ST-SOT-20,MERGE_REQUIRED,NOT_IMPLEMENTED,PENDING,Rollen-Fixture prüft sechs temporäre Rollen und ihre jeweiligen Übergabe-/Prüfaufgaben.
WSJF-27,WSJF-27.05,docs/sot-optimization/sources/wsjf-multi-agent-input-2026-09-26.md#L701-L755,Test Agent führt gezielte Tests aus oder erweitert Abdeckung; Integration Agent integriert parallele Änderungen und prüft Konflikte.,ST-SOT-20,MERGE_REQUIRED,NOT_IMPLEMENTED,PENDING,Rollen-Fixture prüft sechs temporäre Rollen und ihre jeweiligen Übergabe-/Prüfaufgaben.
WSJF-27,WSJF-27.06,docs/sot-optimization/sources/wsjf-multi-agent-input-2026-09-26.md#L701-L755,"Backlog Refinement Agent verbessert WSJF-Vorschläge, Dependencies, Job Size, Confidence, Parallelization Status und Ready Status.",ST-SOT-20,MERGE_REQUIRED,NOT_IMPLEMENTED,PENDING,Rollen-Fixture prüft sechs temporäre Rollen und ihre jeweiligen Übergabe-/Prüfaufgaben.
WSJF-28,WSJF-28.01,docs/sot-optimization/sources/wsjf-multi-agent-input-2026-09-26.md#L756-L777,"Ein zentraler Controller überwacht Backlog und Teamstatus, erzeugt Ready Queue, berechnet WSJF und verwaltet Claims und Blocker.",ST-SOT-20,MERGE_REQUIRED,NOT_IMPLEMENTED,PENDING,"Controller-Fixture erzeugt Queue, Claims, Review/Integration und sichtbaren Teamstatus ohne eigene Implementierung."
WSJF-28,WSJF-28.02,docs/sot-optimization/sources/wsjf-multi-agent-input-2026-09-26.md#L756-L777,"Controller koordiniert Agenten, Reviews, Integration und offene Benutzerentscheidungen; geeignete Worker implementieren vorrangig.",ST-SOT-20,MERGE_REQUIRED,NOT_IMPLEMENTED,PENDING,"Controller-Fixture erzeugt Queue, Claims, Review/Integration und sichtbaren Teamstatus ohne eigene Implementierung."
WSJF-28,WSJF-28.03,docs/sot-optimization/sources/wsjf-multi-agent-input-2026-09-26.md#L756-L777,"Controller überwacht Agent-Zuweisungen und koordiniert parallele Arbeit, Reviews und Integration.",ST-SOT-20,MERGE_REQUIRED,NOT_IMPLEMENTED,PENDING,"Controller-Fixture erzeugt Queue, Claims, Review/Integration und sichtbaren Teamstatus ohne eigene Implementierung."
WSJF-28,WSJF-28.04,docs/sot-optimization/sources/wsjf-multi-agent-input-2026-09-26.md#L756-L777,Controller sammelt offene Benutzerentscheidungen und stellt Teamstatus bereit.,ST-SOT-20,MERGE_REQUIRED,NOT_IMPLEMENTED,PENDING,"Controller-Fixture erzeugt Queue, Claims, Review/Integration und sichtbaren Teamstatus ohne eigene Implementierung."
WSJF-29,WSJF-29.01,docs/sot-optimization/sources/wsjf-multi-agent-input-2026-09-26.md#L778-L787,Controller hält keinen geheimen Backlog und keine nicht dokumentierte Schattenplanung; Entscheidungen stehen im gemeinsamen State.,ST-SOT-20,MERGE_REQUIRED,NOT_IMPLEMENTED,PENDING,Controller-Entscheidung ist im gemeinsamen State sichtbar; Schattenliste wird verworfen.
WSJF-30,WSJF-30.01,docs/sot-optimization/sources/wsjf-multi-agent-input-2026-09-26.md#L788-L805,"Agent-Zuweisung berücksichtigt WSJF, Ready, Dependencies, Claims, Conflict Scope und Parallelization Status.",ST-SOT-20,MERGE_REQUIRED,NOT_IMPLEMENTED,PENDING,Zuweisungs-Fixture vergleicht WSJF/Ready/Claims/Konflikt mit Agent-Kontext und Integrationsrisiko.
WSJF-30,WSJF-30.02,docs/sot-optimization/sources/wsjf-multi-agent-input-2026-09-26.md#L788-L805,"Kontextwissen, bearbeitete Komponenten und Integrationsrisiko fließen ein; unnötiger Kontextwechsel wird vermieden.",ST-SOT-20,MERGE_REQUIRED,NOT_IMPLEMENTED,PENDING,Zuweisungs-Fixture vergleicht WSJF/Ready/Claims/Konflikt mit Agent-Kontext und Integrationsrisiko.
WSJF-31,WSJF-31.01,docs/sot-optimization/sources/wsjf-multi-agent-input-2026-09-26.md#L806-L818,"Nach Abschluss dokumentiert der Agent Ergebnis, setzt Review/Integration, gibt Claim frei und zieht nächste zulässige Arbeit.",ST-SOT-20,MERGE_REQUIRED,NOT_IMPLEMENTED,PENDING,"Abschluss-Fixture dokumentiert Ergebnis, wechselt zu Review, gibt Claim frei und zieht nächste Ready Story."
WSJF-31,WSJF-31.02,docs/sot-optimization/sources/wsjf-multi-agent-input-2026-09-26.md#L806-L818,Einzelne Agent-Zuweisungen brauchen nicht jeweils manuelle Benutzerfreigabe.,ST-SOT-20,MERGE_REQUIRED,NOT_IMPLEMENTED,PENDING,"Abschluss-Fixture dokumentiert Ergebnis, wechselt zu Review, gibt Claim frei und zieht nächste Ready Story."
WSJF-32,WSJF-32.01,docs/sot-optimization/sources/wsjf-multi-agent-input-2026-09-26.md#L819-L834,"Zwingende Benutzerentscheidung setzt Execution State Blocked, Blocked By User Decision und dokumentiert die konkrete Frage.",ST-SOT-20,MERGE_REQUIRED,NOT_IMPLEMENTED,PENDING,User-Decision-Fixture blockiert betroffene Story mit Frage; unabhängige Story bleibt ausführbar.
WSJF-32,WSJF-32.02,docs/sot-optimization/sources/wsjf-multi-agent-input-2026-09-26.md#L819-L834,Andere unabhängige Stories laufen während offener Entscheidung weiter.,ST-SOT-20,MERGE_REQUIRED,NOT_IMPLEMENTED,PENDING,User-Decision-Fixture blockiert betroffene Story mit Frage; unabhängige Story bleibt ausführbar.
WSJF-33,WSJF-33.01,docs/sot-optimization/sources/wsjf-multi-agent-input-2026-09-26.md#L835-L856,"User Decision Required ist eine harte Grenze: Agenten dürfen analysieren und Optionen vorbereiten, aber keine Fachentscheidung, Anforderungsänderung oder irreversible Richtung selbst wählen.",ST-SOT-20,MERGE_REQUIRED,NOT_IMPLEMENTED,PENDING,User Decision Required verhindert fachlichen Commit; Analyse/Optionen bleiben möglich.
WSJF-34,WSJF-34.01,docs/sot-optimization/sources/wsjf-multi-agent-input-2026-09-26.md#L857-L879,Implementierungs-WIP bleibt durch Review- und Integrationskapazität begrenzt.,ST-SOT-20,MERGE_REQUIRED,NOT_IMPLEMENTED,PENDING,Zweiter aktiver Claim für denselben Implementierungsagenten wird bis Review/Blocked abgewiesen.
WSJF-34,WSJF-34.02,docs/sot-optimization/sources/wsjf-multi-agent-input-2026-09-26.md#L857-L879,"Ein Implementation Agent hat standardmäßig höchstens eine aktive Story oder Task; neuer Pull erst ab Review, Integration, Done oder ausdrücklich Blocked.",ST-SOT-20,MERGE_REQUIRED,NOT_IMPLEMENTED,PENDING,Zweiter aktiver Claim für denselben Implementierungsagenten wird bis Review/Blocked abgewiesen.
WSJF-35,WSJF-35.01,docs/sot-optimization/sources/wsjf-multi-agent-input-2026-09-26.md#L880-L897,"Freie Agents können ohne sichere Implementierungsarbeit Refinement, Dependency-Analyse, Tests und Risikoprüfung ausführen.",ST-SOT-20,MERGE_REQUIRED,NOT_IMPLEMENTED,PENDING,Ohne sichere Ready Story entsteht Refinement-/Test-Arbeit ohne künstliche Story.
WSJF-35,WSJF-35.02,docs/sot-optimization/sources/wsjf-multi-agent-input-2026-09-26.md#L880-L897,Keine künstlichen Stories nur zur Auslastung erzeugen.,ST-SOT-20,MERGE_REQUIRED,NOT_IMPLEMENTED,PENDING,Ohne sichere Ready Story entsteht Refinement-/Test-Arbeit ohne künstliche Story.
WSJF-35,WSJF-35.03,docs/sot-optimization/sources/wsjf-multi-agent-input-2026-09-26.md#L880-L897,"Bei fehlender sicherer Implementierungsarbeit dürfen freie Agents kommende Stories, Confidence, Risiken und technische Schulden untersuchen und dokumentieren.",ST-SOT-20,MERGE_REQUIRED,NOT_IMPLEMENTED,PENDING,Ohne sichere Ready Story entsteht Refinement-/Test-Arbeit ohne künstliche Story.
WSJF-36,WSJF-36.01,docs/sot-optimization/sources/wsjf-multi-agent-input-2026-09-26.md#L898-L925,"Relevante Implementierung soll bei mehreren Agents möglichst von einem anderen Agent reviewed werden, besonders bei kritischen Bereichen.",ST-SOT-20,MERGE_REQUIRED,NOT_IMPLEMENTED,PENDING,Implementierung durch Agent A wird von Agent B reviewed und von Integration Agent übernommen.
WSJF-36,WSJF-36.02,docs/sot-optimization/sources/wsjf-multi-agent-input-2026-09-26.md#L898-L925,"Bevorzugter Ablauf: Agent A implementiert und korrigiert, Agent B reviewed, Integration Agent integriert.",ST-SOT-20,MERGE_REQUIRED,NOT_IMPLEMENTED,PENDING,Implementierung durch Agent A wird von Agent B reviewed und von Integration Agent übernommen.
WSJF-36,WSJF-36.03,docs/sot-optimization/sources/wsjf-multi-agent-input-2026-09-26.md#L898-L925,"Fremdreview ist besonders wichtig für Security, Authentifizierung, Authorization, Datenmigrationen, CMS, Analytics, globale Templates, Design-Systeme und zentrale Architektur.",ST-SOT-20,MERGE_REQUIRED,NOT_IMPLEMENTED,PENDING,Implementierung durch Agent A wird von Agent B reviewed und von Integration Agent übernommen.
WSJF-37,WSJF-37.01,docs/sot-optimization/sources/wsjf-multi-agent-input-2026-09-26.md#L926-L940,"Review prüft bestehende Acceptance Criteria und Projektregeln; es erfindet keine Fachanforderungen und ersetzt keine Benutzer-, Design- oder Architekturentscheidung.",ST-SOT-20,MERGE_REQUIRED,NOT_IMPLEMENTED,PENDING,"Review-Fixture mit ungeklärter AC schreibt Frage in State, ändert AC/Designentscheidung nicht."
WSJF-37,WSJF-37.02,docs/sot-optimization/sources/wsjf-multi-agent-input-2026-09-26.md#L926-L940,Unklare Review-Befunde werden im gemeinsamen Scrum-State dokumentiert.,ST-SOT-20,MERGE_REQUIRED,NOT_IMPLEMENTED,PENDING,"Review-Fixture mit ungeklärter AC schreibt Frage in State, ändert AC/Designentscheidung nicht."
WSJF-38,WSJF-38.01,docs/sot-optimization/sources/wsjf-multi-agent-input-2026-09-26.md#L941-L968,Nach Implementierung folgt Review und dann Integration; Implementierung allein bedeutet nicht Done.,ST-SOT-20,MERGE_REQUIRED,NOT_IMPLEMENTED,PENDING,"Done-Versuch vor Review oder Integration scheitert; Integration prüft AC, Tests und Regression."
WSJF-38,WSJF-38.02,docs/sot-optimization/sources/wsjf-multi-agent-input-2026-09-26.md#L941-L968,"Integration prüft Merge-Konflikte, gemeinsame Komponenten, Tests, Acceptance Criteria, Regressionen, Projektregeln und Traceability vor Done.",ST-SOT-20,MERGE_REQUIRED,NOT_IMPLEMENTED,PENDING,"Done-Versuch vor Review oder Integration scheitert; Integration prüft AC, Tests und Regression."
WSJF-39,WSJF-39.01,docs/sot-optimization/sources/wsjf-multi-agent-input-2026-09-26.md#L969-L983,Implementation Agent markiert eigene Arbeit höchstens Review oder Integration; Done erst nach erfolgreicher Prüfung und Integration.,ST-SOT-20,MERGE_REQUIRED,NOT_IMPLEMENTED,PENDING,Implementation Agent kann eigenen Work Item nicht direkt Done setzen.
WSJF-40,WSJF-40.01,docs/sot-optimization/sources/wsjf-multi-agent-input-2026-09-26.md#L984-L1007,"Bei veränderten Fakten werden Time Criticality, Risk/Opportunity, Job Size, Confidence, Cost of Delay und WSJF neu bewertet und berechnet.",ST-SOT-19,MERGE_REQUIRED,NOT_IMPLEMENTED,PENDING,Faktenänderung zu Deadline/Size erzeugt aktualisierte Werte und neu berechneten WSJF.
WSJF-41,WSJF-41.01,docs/sot-optimization/sources/wsjf-multi-agent-input-2026-09-26.md#L1008-L1017,"Confirmed oder Overridden Business Value bleibt trotz Neubewertung unverändert, bis der Benutzer ihn ausdrücklich ändert.",ST-SOT-19,MERGE_REQUIRED,NOT_IMPLEMENTED,PENDING,Confirmed/Overridden BV bleibt bei Re-Evaluation gleich; Vorschlag erscheint separat.
WSJF-42,WSJF-42.01,docs/sot-optimization/sources/wsjf-multi-agent-input-2026-09-26.md#L1018-L1034,Höher priorisierte neue Story unterbricht laufende sinnvolle Arbeit nicht automatisch.,ST-SOT-19,MERGE_REQUIRED,NOT_IMPLEMENTED,PENDING,Höherer neuer WSJF lässt laufenden Claim bestehen; kritische Ausnahme wird begründet dokumentiert.
WSJF-42,WSJF-42.02,docs/sot-optimization/sources/wsjf-multi-agent-input-2026-09-26.md#L1018-L1034,"Unterbrechung kommt nur bei kritischer Security, Datenverlust, Produktionsfehler, harter Deadline oder expliziter Benutzer- beziehungsweise Prioritätsentscheidung in Betracht.",ST-SOT-19,MERGE_REQUIRED,NOT_IMPLEMENTED,PENDING,Höherer neuer WSJF lässt laufenden Claim bestehen; kritische Ausnahme wird begründet dokumentiert.
WSJF-43,WSJF-43.01,docs/sot-optimization/sources/wsjf-multi-agent-input-2026-09-26.md#L1035-L1057,"Sprint Planning schlägt Ready-, Top- und blockierte Stories, Dependencies, Parallelisierung, Konflikte, Enabler und Reihenfolge als Sprint Candidate Set vor.",ST-SOT-20,MERGE_REQUIRED,NOT_IMPLEMENTED,PENDING,Sprint Candidate Set zeigt Ready/Blocker/Enabler; tatsächlicher Scope verlangt Planungsentscheidung.
WSJF-43,WSJF-43.02,docs/sot-optimization/sources/wsjf-multi-agent-input-2026-09-26.md#L1035-L1057,Tatsächlicher Sprint Scope bleibt bewusste Planung und folgt nicht automatisch aus WSJF.,ST-SOT-20,MERGE_REQUIRED,NOT_IMPLEMENTED,PENDING,Sprint Candidate Set zeigt Ready/Blocker/Enabler; tatsächlicher Scope verlangt Planungsentscheidung.
WSJF-44,WSJF-44.01,docs/sot-optimization/sources/wsjf-multi-agent-input-2026-09-26.md#L1058-L1083,"Für gewählten Sprint Scope zeigt Sprint Execution Graph parallele Arbeit, Dependencies, Blocker, Zuweisungen und nächste mögliche Pull-Arbeit.",ST-SOT-20,MERGE_REQUIRED,NOT_IMPLEMENTED,PENDING,"Sprintgraph-Fixture zeigt parallele Tasks, Vorgänger, Blocker, Zuweisung und Next Pull."
WSJF-45,WSJF-45.01,docs/sot-optimization/sources/wsjf-multi-agent-input-2026-09-26.md#L1084-L1118,"Controller liefert jederzeit kompakten entscheidungsorientierten Teamstatus zu aktiven Agents, In Progress, Review, Blocked und Next Ready.",ST-SOT-20,MERGE_REQUIRED,NOT_IMPLEMENTED,PENDING,"Teamstatus-Fixture zeigt Agents, In Progress, Review, Blocked und Next Ready kompakt."
WSJF-46,WSJF-46.01,docs/sot-optimization/sources/wsjf-multi-agent-input-2026-09-26.md#L1119-L1137,"Freie Agents dürfen parallel zur Implementierung kommende Stories, Größe, Dependencies, Repositorywirkung, Acceptance Criteria, Parallelisierung, Confidence und Risiken verfeinern.",ST-SOT-20,MERGE_REQUIRED,NOT_IMPLEMENTED,PENDING,"Refinement ändert Confidence/Dependencies, lässt fachliche AC unverändert."
WSJF-46,WSJF-46.02,docs/sot-optimization/sources/wsjf-multi-agent-input-2026-09-26.md#L1119-L1137,Refinement ändert fachliche Anforderungen nicht eigenständig.,ST-SOT-20,MERGE_REQUIRED,NOT_IMPLEMENTED,PENDING,"Refinement ändert Confidence/Dependencies, lässt fachliche AC unverändert."
WSJF-47,WSJF-47.01,docs/sot-optimization/sources/wsjf-multi-agent-input-2026-09-26.md#L1138-L1158,"Ready erfordert User Story, Value Description, Acceptance Criteria, WSJF, analysierte Dependencies, Job Size, Confidence, Parallelization Status und bekannten Conflict Scope.",ST-SOT-20,MERGE_REQUIRED,NOT_IMPLEMENTED,PENDING,"Ready-Prüfung scheitert bei fehlenden Pflichtfeldern oder zwingender Entscheidung, nicht bei bloßer Restunsicherheit."
WSJF-47,WSJF-47.02,docs/sot-optimization/sources/wsjf-multi-agent-input-2026-09-26.md#L1138-L1158,"Nur Unsicherheit, die sinnvolle Implementierung verhindert, oder zwingende ungeklärte Entscheidung verhindert Ready.",ST-SOT-20,MERGE_REQUIRED,NOT_IMPLEMENTED,PENDING,"Ready-Prüfung scheitert bei fehlenden Pflichtfeldern oder zwingender Entscheidung, nicht bei bloßer Restunsicherheit."
WSJF-48,WSJF-48.01,docs/sot-optimization/sources/wsjf-multi-agent-input-2026-09-26.md#L1159-L1174,"Done erfordert erfüllte Acceptance Criteria, abgeschlossene Implementierung, erfolgreiche notwendige Tests, Review und Integration.",ST-SOT-20,MERGE_REQUIRED,NOT_IMPLEMENTED,PENDING,"Done-Prüfung scheitert bei fehlenden Tests, Review, Integration, Doku oder Regressionfreiheit."
WSJF-48,WSJF-48.02,docs/sot-optimization/sources/wsjf-multi-agent-input-2026-09-26.md#L1159-L1174,"Done erfordert aktualisierte relevante Dokumentation, erhaltene Traceability, Projektregelkonformität und keine bekannten verursachten Regressionen.",ST-SOT-20,MERGE_REQUIRED,NOT_IMPLEMENTED,PENDING,"Done-Prüfung scheitert bei fehlenden Tests, Review, Integration, Doku oder Regressionfreiheit."
WSJF-49,WSJF-49.01,docs/sot-optimization/sources/wsjf-multi-agent-input-2026-09-26.md#L1175-L1195,"Agents dokumentieren technische Entscheidungen, Dependencies, Risiken, Größenänderungen, Blocker, Reviews, Integrationshinweise und betroffene Komponenten im gemeinsamen State.",ST-SOT-22,MERGE_REQUIRED,NOT_IMPLEMENTED,PENDING,Agent B findet Entscheidungen/Blocker im State ohne Zugriff auf Chat von Agent A.
WSJF-49,WSJF-49.02,docs/sot-optimization/sources/wsjf-multi-agent-input-2026-09-26.md#L1175-L1195,Agents verlassen sich für relevante Projektinformationen nicht auf fremde Chat-Verläufe.,ST-SOT-22,MERGE_REQUIRED,NOT_IMPLEMENTED,PENDING,Agent B findet Entscheidungen/Blocker im State ohne Zugriff auf Chat von Agent A.
WSJF-50,WSJF-50.01,docs/sot-optimization/sources/wsjf-multi-agent-input-2026-09-26.md#L1196-L1207,Notwendige Absprachen und Informationen sind ausdrücklich im gemeinsamen State dokumentiert; verborgenes Agentenwissen darf keine Voraussetzung sein.,ST-SOT-22,MERGE_REQUIRED,NOT_IMPLEMENTED,PENDING,Agent B rekonstruiert Übergabe aus State und erkennt fehlende verdeckte Vorbedingung.
WSJF-51,WSJF-51.01,docs/sot-optimization/sources/wsjf-multi-agent-input-2026-09-26.md#L1208-L1223,"Technische Übergabe dokumentiert Umsetzung, betroffene Dateien/Komponenten, ausgeführte Tests, Grenzen, offene Punkte, Folgearbeit und Entscheidungen.",ST-SOT-22,MERGE_REQUIRED,NOT_IMPLEMENTED,PENDING,"Übergabe-Fixture prüft Dateien, Tests, Grenzen, Folgearbeit und Entscheidungen."
WSJF-52,WSJF-52.01,docs/sot-optimization/sources/wsjf-multi-agent-input-2026-09-26.md#L1224-L1241,"Jeder Blocker hat ID, Beschreibung, betroffene Story, Blocked By, Melder, notwendige Auflösung und Status im gemeinsamen State.",ST-SOT-22,MERGE_REQUIRED,NOT_IMPLEMENTED,PENDING,"Blocker-Fixture ohne ID, Auflösung oder Status wird zurückgewiesen und bleibt teamweit sichtbar."
WSJF-53,WSJF-53.01,docs/sot-optimization/sources/wsjf-multi-agent-input-2026-09-26.md#L1242-L1263,"Dependencies modellieren mindestens Depends On, Blocks und Related To sowie harte und weiche Abhängigkeiten.",ST-SOT-22,MERGE_REQUIRED,NOT_IMPLEMENTED,PENDING,Dependency-Fixture zeigt Depends On/Blocks/Related To und Hard-vs-Soft-Startverhalten.
WSJF-53,WSJF-53.02,docs/sot-optimization/sources/wsjf-multi-agent-input-2026-09-26.md#L1242-L1263,Harte Dependency verhindert sinnvollen Start; weiche erlaubt Start mit Koordination oder späterer Integration.,ST-SOT-22,MERGE_REQUIRED,NOT_IMPLEMENTED,PENDING,Dependency-Fixture zeigt Depends On/Blocks/Related To und Hard-vs-Soft-Startverhalten.
WSJF-54,WSJF-54.01,docs/sot-optimization/sources/wsjf-multi-agent-input-2026-09-26.md#L1264-L1279,Blockierte hohe WSJF-Story wird nicht automatisch gestartet; notwendige Vorgänger oder Enabler werden geprüft.,ST-SOT-19,MERGE_REQUIRED,NOT_IMPLEMENTED,PENDING,Hohe blockierte Story wird übersprungen; niedriger Enabler wird mit Freischaltgrund vorgezogen.
WSJF-54,WSJF-54.02,docs/sot-optimization/sources/wsjf-multi-agent-input-2026-09-26.md#L1264-L1279,Vorzuziehender niedriger bewerteter Enabler zur Freischaltung hoher Werte erhält dokumentierte Reihenfolgebegründung.,ST-SOT-19,MERGE_REQUIRED,NOT_IMPLEMENTED,PENDING,Hohe blockierte Story wird übersprungen; niedriger Enabler wird mit Freischaltgrund vorgezogen.
WSJF-55,WSJF-55.01,docs/sot-optimization/sources/wsjf-multi-agent-input-2026-09-26.md#L1280-L1294,"Eigenständig geführte Enabler erhalten WSJF und Opportunity Enablement anhand freigeschalteter Stories, gespartem Folgeaufwand, Architektur und Strategie.",ST-SOT-19,MERGE_REQUIRED,NOT_IMPLEMENTED,PENDING,Enabler-Fixture erhält eigenen WSJF ohne automatischen Vorrang vor fachlicher Story.
WSJF-55,WSJF-55.02,docs/sot-optimization/sources/wsjf-multi-agent-input-2026-09-26.md#L1280-L1294,Enabler stehen nicht automatisch vor fachlichen Stories.,ST-SOT-19,MERGE_REQUIRED,NOT_IMPLEMENTED,PENDING,Enabler-Fixture erhält eigenen WSJF ohne automatischen Vorrang vor fachlicher Story.
WSJF-56,WSJF-56.01,docs/sot-optimization/sources/wsjf-multi-agent-input-2026-09-26.md#L1295-L1316,WSJF wird direkt nur innerhalb sinnvoll vergleichbarer Backlogs und Bewertungsskalen verglichen; bei mehreren Backlogs wird der Vergleichsraum sichtbar.,ST-SOT-19,MERGE_REQUIRED,NOT_IMPLEMENTED,PENDING,Vergleich über inkompatible Projekte/Skalen wird markiert; lokaler Vergleichsraum ist sichtbar.
WSJF-57,WSJF-57.01,docs/sot-optimization/sources/wsjf-multi-agent-input-2026-09-26.md#L1317-L1334,"Manuelle Prioritätsüberschreibung mit Grund ordnet Story bewusst anders ein, ohne WSJF zwingend zu ändern.",ST-SOT-19,MERGE_REQUIRED,NOT_IMPLEMENTED,PENDING,Manual Priority Override ändert Reihenfolge mit Grund und lässt WSJF unverändert.
WSJF-58,WSJF-58.01,docs/sot-optimization/sources/wsjf-multi-agent-input-2026-09-26.md#L1335-L1351,"Eingabewerte werden nicht manipuliert, um gewünschte Reihenfolge zu erzwingen; dafür gilt Manual Priority Override.",ST-SOT-19,MERGE_REQUIRED,NOT_IMPLEMENTED,PENDING,Wunschreihenfolge wird mit Override statt verfälschtem BV/TC/RR/Size umgesetzt.
WSJF-59,WSJF-59.01,docs/sot-optimization/sources/wsjf-multi-agent-input-2026-09-26.md#L1352-L1370,"Automatische Bewertung dokumentiert Wert, Begründung, Confidence und Zeitpunkt.",ST-SOT-19,MERGE_REQUIRED,NOT_IMPLEMENTED,PENDING,"Bewertungslog enthält Wert, Begründung, Confidence, Zeitpunkt und bei Änderung Alt/Neu/Grund."
WSJF-59,WSJF-59.02,docs/sot-optimization/sources/wsjf-multi-agent-input-2026-09-26.md#L1352-L1370,Neubewertung dokumentiert bisherigen und neuen Wert sowie Änderungsgrund.,ST-SOT-19,MERGE_REQUIRED,NOT_IMPLEMENTED,PENDING,"Bewertungslog enthält Wert, Begründung, Confidence, Zeitpunkt und bei Änderung Alt/Neu/Grund."
WSJF-60,WSJF-60.01,docs/sot-optimization/sources/wsjf-multi-agent-input-2026-09-26.md#L1371-L1388,"Automatisierung überschreibt keine manuellen Business Values, Prioritäten, Fachanforderungen, Acceptance Criteria, Architektur-, Design- oder Freigabeentscheidungen still.",ST-SOT-19,MERGE_REQUIRED,NOT_IMPLEMENTED,PENDING,"Automatische Aktualisierung lässt geschützte manuelle Werte, AC und Freigaben unverändert."
WSJF-61,WSJF-61.01,docs/sot-optimization/sources/wsjf-multi-agent-input-2026-09-26.md#L1389-L1413,Zwei Agents bearbeiten denselben kritischen Bereich nicht gleichzeitig unkoordiniert.,ST-SOT-21,MERGE_REQUIRED,NOT_IMPLEMENTED,PENDING,Zwei Claims im selben kritischen Schema-/Auth-Bereich verlangen Koordination.
WSJF-61,WSJF-61.02,docs/sot-optimization/sources/wsjf-multi-agent-input-2026-09-26.md#L1389-L1413,"Schema, Authentifizierung, Autorisierung, zentrale Konfiguration, Templates, Design-System, API-Verträge und Deployment gelten mindestens Parallel With Coordination.",ST-SOT-21,MERGE_REQUIRED,NOT_IMPLEMENTED,PENDING,Zwei Claims im selben kritischen Schema-/Auth-Bereich verlangen Koordination.
WSJF-62,WSJF-62.01,docs/sot-optimization/sources/wsjf-multi-agent-input-2026-09-26.md#L1414-L1431,"Controller begrenzt parallele Branches, halbfertige Stories, Merge-Konflikte und unkoordinierte technische Entscheidungen zugunsten kontrollierbarer Integration.",ST-SOT-21,MERGE_REQUIRED,NOT_IMPLEMENTED,PENDING,Controller stoppt zusätzliche konfliktträchtige Branches bei Review-/Integrationsstau.
WSJF-63,WSJF-63.01,docs/sot-optimization/sources/wsjf-multi-agent-input-2026-09-26.md#L1432-L1449,"Controller prüft Ready Work, WSJF, Blocker, Claims, Konflikte, Parallelisierung, Agent-Kontext, Enabler und Claim-Sicherheit in dieser Reihenfolge.",ST-SOT-21,MERGE_REQUIRED,NOT_IMPLEMENTED,PENDING,Freier-Agent-Fixture durchläuft neun Prüfschritte vor Claim in definierter Reihenfolge.
WSJF-64,WSJF-64.01,docs/sot-optimization/sources/wsjf-multi-agent-input-2026-09-26.md#L1450-L1464,"Höchster WSJF allein startet keine Story bei harter Dependency, Nutzerentscheidung, fehlendem Enabler, Konflikt, unbekanntem Repositoryzustand oder Integrationsgefahr.",ST-SOT-21,MERGE_REQUIRED,NOT_IMPLEMENTED,PENDING,Blockierte Topstory wird nicht gestartet; nächste tatsächlich ausführbare Story wird geprüft.
WSJF-64,WSJF-64.02,docs/sot-optimization/sources/wsjf-multi-agent-input-2026-09-26.md#L1450-L1464,Statt blockierter höchster Story wird die nächste ausführbare Story betrachtet.,ST-SOT-21,MERGE_REQUIRED,NOT_IMPLEMENTED,PENDING,Blockierte Topstory wird nicht gestartet; nächste tatsächlich ausführbare Story wird geprüft.
WSJF-65,WSJF-65.01,docs/sot-optimization/sources/wsjf-multi-agent-input-2026-09-26.md#L1465-L1492,"Teamablauf ist Backlog-Analyse, WSJF, Ready Queue, Dependencies, Conflict Scope, Claim, Implementierung, fremdes Review, Integration, Done und nächster Pull.",ST-SOT-20,MERGE_REQUIRED,NOT_IMPLEMENTED,PENDING,"End-to-End-Fixture durchläuft Queue, Claim, Review, Integration, Done und nächsten Pull."
WSJF-66,WSJF-66.01,docs/sot-optimization/sources/wsjf-multi-agent-input-2026-09-26.md#L1493-L1514,WSJF bewertet wirtschaftlichen Vorrang; Ready Queue bewertet gegenwärtige Startbarkeit; Parallelization Status bewertet Gleichzeitigkeit; Controller weist nächste Arbeit zu.,ST-SOT-20,MERGE_REQUIRED,NOT_IMPLEMENTED,PENDING,"Entscheidungs-Fixture trennt wirtschaftlichen Rang, Ready, Parallelität, Zuweisung und Nutzergrenze."
WSJF-66,WSJF-66.02,docs/sot-optimization/sources/wsjf-multi-agent-input-2026-09-26.md#L1493-L1514,"Benutzer entscheidet selbst nur bei nötiger fachlicher, strategischer oder irreversibler Entscheidung.",ST-SOT-20,MERGE_REQUIRED,NOT_IMPLEMENTED,PENDING,"Entscheidungs-Fixture trennt wirtschaftlichen Rang, Ready, Parallelität, Zuweisung und Nutzergrenze."
WSJF-67,WSJF-67.01,docs/sot-optimization/sources/wsjf-multi-agent-input-2026-09-26.md#L1515-L1530,"Alle Agents und Chats arbeiten als gemeinsames Team mit Backlog, Priorisierung, State, Regeln und Claims.",ST-SOT-20,MERGE_REQUIRED,NOT_IMPLEMENTED,PENDING,Zwei-Agenten-End-to-End-Fixture nutzt einen Backlog/State und verlangt Review plus Integration vor Done.
WSJF-67,WSJF-67.02,docs/sot-optimization/sources/wsjf-multi-agent-input-2026-09-26.md#L1515-L1530,"Parallele Arbeit nur bei Sicherheit, Review vor Done und Integration vor Abschluss.",ST-SOT-20,MERGE_REQUIRED,NOT_IMPLEMENTED,PENDING,Zwei-Agenten-End-to-End-Fixture nutzt einen Backlog/State und verlangt Review plus Integration vor Done.
