StoryID,EpicID,OriginalSourceIDs,ExplicitAnchorIDs,Enabler,ReverseCheck
ST-WEB-01,EPIC-WEB,"SRC-0008, SRC-0028, SRC-0029, SRC-0050, SRC-0382, SRC-0447, SRC-0448, SRC-0449, SRC-0450, SRC-0451, SRC-0452, SRC-0453, SRC-0454, SRC-0456, SRC-0457, SRC-0458, SRC-0462, SRC-0504, SRC-0505, SRC-0508, SRC-0530, SRC-0539, SRC-0614, SRC-0615, SRC-0616, SRC-0618, SRC-0619, SRC-0620, SRC-0621, SRC-0622, SRC-0623, SRC-0624, SRC-0625, SRC-0626, SRC-0627, SRC-0628, SRC-0629, SRC-0630, SRC-0633, SRC-0634, SRC-0637, SRC-0638, SRC-0639, SRC-0640, SRC-0641, SRC-0642, SRC-0643, SRC-0644, SRC-0645, SRC-0646, SRC-0647, SRC-0648, SRC-0649, SRC-0650, SRC-0651, SRC-0652, SRC-0653, SRC-0654, SRC-0655, SRC-0656, SRC-0657, SRC-0658, SRC-0659, SRC-0666, SRC-0667, SRC-0668, SRC-0669, SRC-0670, SRC-0819, SRC-0820, SRC-0822, SRC-0827, SRC-0828, SRC-0829, SRC-0830, SRC-0831, SRC-0833, SRC-0834, SRC-0840, SRC-0841, SRC-0842, SRC-0845, SRC-0846, SRC-0847, SRC-0849, SRC-0850, SRC-0858, SRC-0859, SRC-0864, SRC-0865, SRC-0867, SRC-0875, SRC-0890, SRC-0891, SRC-0896, SRC-0897, SRC-0899, SRC-0904, SRC-0907, SRC-0913, SRC-0916, SRC-0918, SRC-0921, SRC-0922, SRC-0952, SRC-0958, SRC-1381, SRC-1383, SRC-1384, SRC-1385, SRC-1386, SRC-1398, SRC-1401, SRC-1402, SRC-1403, SRC-1404, SRC-1405, SRC-1406, SRC-1409, SRC-1410, SRC-1411, SRC-1412, SRC-1413, SRC-1414, SRC-1415, SRC-1416, SRC-1417, SRC-1418, SRC-1419, SRC-1421, SRC-1422, SRC-1423, SRC-1424, SRC-1428, SRC-1429, SRC-1430, SRC-1431, SRC-1432, SRC-1455, SRC-1456, SRC-1457, SRC-1458, SRC-1459, SRC-1460, SRC-1461, SRC-1462, SRC-1463, SRC-1464, SRC-1465, SRC-1477","SRC-0029, SRC-0447, SRC-0462, SRC-0505, SRC-0508, SRC-0530, SRC-0614, SRC-0615, SRC-0616, SRC-0618, SRC-0619, SRC-0620, SRC-0621, SRC-0622, SRC-0623, SRC-0625, SRC-0626, SRC-0627, SRC-0628, SRC-0629, SRC-0630, SRC-0633, SRC-0644, SRC-0652, SRC-0653, SRC-0669, SRC-0819, SRC-0820, SRC-0830, SRC-0834, SRC-0841, SRC-0845, SRC-0846, SRC-0847, SRC-0850, SRC-0859, SRC-0864, SRC-0865, SRC-0875, SRC-0890, SRC-0896, SRC-0904, SRC-1384, SRC-1403, SRC-1406, SRC-1409, SRC-1410, SRC-1411, SRC-1412, SRC-1413, SRC-1414, SRC-1415, SRC-1428, SRC-1429, SRC-1430, SRC-1431, SRC-1432, SRC-1455, SRC-1456, SRC-1457, SRC-1458, SRC-1459, SRC-1460, SRC-1461, SRC-1462, SRC-1463, SRC-1464, SRC-1465, SRC-1477, SRC-1479",No,Anchor present
ST-WEB-02,EPIC-WEB,"SRC-0008, SRC-0028, SRC-0030, SRC-0050, SRC-0382, SRC-0448, SRC-0449, SRC-0450, SRC-0452, SRC-0453, SRC-0458, SRC-0460, SRC-0461, SRC-0462, SRC-0463, SRC-0504, SRC-0508, SRC-0509, SRC-0514, SRC-0530, SRC-0535, SRC-0536, SRC-0538, SRC-0614, SRC-0615, SRC-0616, SRC-0618, SRC-0619, SRC-0620, SRC-0621, SRC-0622, SRC-0623, SRC-0635, SRC-0638, SRC-0639, SRC-0640, SRC-0641, SRC-0642, SRC-0643, SRC-0644, SRC-0645, SRC-0646, SRC-0647, SRC-0648, SRC-0649, SRC-0652, SRC-0654, SRC-0655, SRC-0656, SRC-0657, SRC-0658, SRC-0659, SRC-0666, SRC-0667, SRC-0668, SRC-0670, SRC-0819, SRC-0820, SRC-0821, SRC-0822, SRC-0823, SRC-0824, SRC-0825, SRC-0826, SRC-0827, SRC-0828, SRC-0829, SRC-0830, SRC-0831, SRC-0832, SRC-0833, SRC-0834, SRC-0835, SRC-0836, SRC-0837, SRC-0838, SRC-0839, SRC-0840, SRC-0841, SRC-0842, SRC-0843, SRC-0844, SRC-0845, SRC-0846, SRC-0847, SRC-0848, SRC-0849, SRC-0850, SRC-0851, SRC-0852, SRC-0853, SRC-0854, SRC-0857, SRC-0858, SRC-0861, SRC-0862, SRC-0863, SRC-0864, SRC-0866, SRC-0867, SRC-0868, SRC-0869, SRC-0870, SRC-0871, SRC-0872, SRC-0873, SRC-0874, SRC-0875, SRC-0876, SRC-0877, SRC-0878, SRC-0879, SRC-0880, SRC-0881, SRC-0882, SRC-0883, SRC-0884, SRC-0891, SRC-0897, SRC-0898, SRC-0899, SRC-0902, SRC-0904, SRC-0907, SRC-0909, SRC-0912, SRC-0913, SRC-0914, SRC-0916, SRC-0918, SRC-0921, SRC-0952, SRC-0958, SRC-1381, SRC-1382, SRC-1383, SRC-1384, SRC-1385, SRC-1386, SRC-1394, SRC-1396, SRC-1398, SRC-1399, SRC-1400, SRC-1401, SRC-1402, SRC-1403, SRC-1404, SRC-1405, SRC-1406, SRC-1407, SRC-1408, SRC-1409, SRC-1410, SRC-1411, SRC-1412, SRC-1413, SRC-1414, SRC-1415, SRC-1416, SRC-1417, SRC-1418, SRC-1419, SRC-1420, SRC-1421, SRC-1422, SRC-1423, SRC-1424, SRC-1425, SRC-1426, SRC-1427, SRC-1428, SRC-1429, SRC-1430, SRC-1431, SRC-1432, SRC-1433, SRC-1434, SRC-1455, SRC-1456, SRC-1457, SRC-1458, SRC-1459, SRC-1460, SRC-1461, SRC-1462, SRC-1463, SRC-1464, SRC-1465, SRC-1477, SRC-1478, SRC-1479, SRC-1480","SRC-0008, SRC-0028, SRC-0030, SRC-0050, SRC-0382, SRC-0448, SRC-0449, SRC-0450, SRC-0452, SRC-0453, SRC-0455, SRC-0458, SRC-0460, SRC-0461, SRC-0462, SRC-0463, SRC-0504, SRC-0508, SRC-0509, SRC-0514, SRC-0530, SRC-0535, SRC-0536, SRC-0538, SRC-0540, SRC-0614, SRC-0615, SRC-0616, SRC-0618, SRC-0619, SRC-0620, SRC-0621, SRC-0622, SRC-0623, SRC-0635, SRC-0638, SRC-0639, SRC-0640, SRC-0641, SRC-0642, SRC-0643, SRC-0644, SRC-0645, SRC-0646, SRC-0647, SRC-0648, SRC-0649, SRC-0652, SRC-0654, SRC-0655, SRC-0656, SRC-0657, SRC-0658, SRC-0659, SRC-0666, SRC-0667, SRC-0668, SRC-0670, SRC-0819, SRC-0820, SRC-0821, SRC-0822, SRC-0823, SRC-0824, SRC-0825, SRC-0826, SRC-0827, SRC-0828, SRC-0829, SRC-0830, SRC-0831, SRC-0832, SRC-0833, SRC-0834, SRC-0835, SRC-0836, SRC-0837, SRC-0838, SRC-0839, SRC-0841, SRC-0842, SRC-0843, SRC-0844, SRC-0845, SRC-0846, SRC-0847, SRC-0848, SRC-0849, SRC-0850, SRC-0851, SRC-0852, SRC-0853, SRC-0854, SRC-0857, SRC-0858, SRC-0861, SRC-0862, SRC-0863, SRC-0864, SRC-0866, SRC-0867, SRC-0868, SRC-0869, SRC-0870, SRC-0871, SRC-0872, SRC-0873, SRC-0874, SRC-0875, SRC-0876, SRC-0877, SRC-0878, SRC-0879, SRC-0880, SRC-0881, SRC-0882, SRC-0883, SRC-0884, SRC-0891, SRC-0897, SRC-0898, SRC-0899, SRC-0902, SRC-0904, SRC-0907, SRC-0909, SRC-0912, SRC-0913, SRC-0914, SRC-0916, SRC-0918, SRC-0921, SRC-0952, SRC-0958, SRC-1381, SRC-1382, SRC-1383, SRC-1384, SRC-1385, SRC-1386, SRC-1394, SRC-1396, SRC-1398, SRC-1399, SRC-1400, SRC-1401, SRC-1402, SRC-1403, SRC-1404, SRC-1405, SRC-1406, SRC-1407, SRC-1408, SRC-1409, SRC-1410, SRC-1411, SRC-1412, SRC-1413, SRC-1414, SRC-1415, SRC-1416, SRC-1417, SRC-1418, SRC-1419, SRC-1420, SRC-1421, SRC-1422, SRC-1423, SRC-1424, SRC-1425, SRC-1426, SRC-1427, SRC-1428, SRC-1429, SRC-1430, SRC-1431, SRC-1432, SRC-1433, SRC-1434, SRC-1455, SRC-1456, SRC-1457, SRC-1458, SRC-1459, SRC-1460, SRC-1461, SRC-1462, SRC-1463, SRC-1464, SRC-1465, SRC-1477, SRC-1478, SRC-1479, SRC-1480",No,Anchor present
ST-WEB-03,EPIC-WEB,"SRC-0008, SRC-0028, SRC-0050, SRC-0382, SRC-0448, SRC-0449, SRC-0450, SRC-0451, SRC-0452, SRC-0453, SRC-0454, SRC-0456, SRC-0457, SRC-0458, SRC-0459, SRC-0460, SRC-0461, SRC-0462, SRC-0463, SRC-0464, SRC-0466, SRC-0469, SRC-0504, SRC-0508, SRC-0509, SRC-0523, SRC-0527, SRC-0530, SRC-0531, SRC-0532, SRC-0533, SRC-0534, SRC-0535, SRC-0536, SRC-0537, SRC-0538, SRC-0539, SRC-0624, SRC-0637, SRC-0638, SRC-0639, SRC-0640, SRC-0641, SRC-0642, SRC-0643, SRC-0644, SRC-0645, SRC-0646, SRC-0647, SRC-0648, SRC-0649, SRC-0654, SRC-0655, SRC-0656, SRC-0657, SRC-0658, SRC-0659, SRC-0666, SRC-0667, SRC-0668, SRC-0669, SRC-0670, SRC-0819, SRC-0820, SRC-0821, SRC-0822, SRC-0827, SRC-0828, SRC-0829, SRC-0830, SRC-0831, SRC-0833, SRC-0834, SRC-0835, SRC-0836, SRC-0837, SRC-0841, SRC-0842, SRC-0845, SRC-0846, SRC-0847, SRC-0848, SRC-0849, SRC-0850, SRC-0858, SRC-0859, SRC-0860, SRC-0865, SRC-0866, SRC-0867, SRC-0868, SRC-0869, SRC-0870, SRC-0871, SRC-0874, SRC-0875, SRC-0876, SRC-0882, SRC-0885, SRC-0886, SRC-0887, SRC-0888, SRC-0889, SRC-0890, SRC-0891, SRC-0892, SRC-0893, SRC-0894, SRC-0895, SRC-0896, SRC-0897, SRC-0898, SRC-0899, SRC-0900, SRC-0901, SRC-0902, SRC-0903, SRC-0904, SRC-0905, SRC-0907, SRC-0908, SRC-0909, SRC-0910, SRC-0911, SRC-0912, SRC-0913, SRC-0914, SRC-0915, SRC-0916, SRC-0917, SRC-0918, SRC-0921, SRC-0952, SRC-0958, SRC-1379, SRC-1381, SRC-1382, SRC-1383, SRC-1384, SRC-1385, SRC-1386, SRC-1387, SRC-1388, SRC-1389, SRC-1390, SRC-1391, SRC-1392, SRC-1393, SRC-1394, SRC-1395, SRC-1396, SRC-1397, SRC-1398, SRC-1399, SRC-1400, SRC-1401, SRC-1402, SRC-1403, SRC-1404, SRC-1405, SRC-1410, SRC-1413, SRC-1414, SRC-1415, SRC-1416, SRC-1417, SRC-1418, SRC-1419, SRC-1421, SRC-1422, SRC-1423, SRC-1424, SRC-1428, SRC-1429, SRC-1430, SRC-1431, SRC-1432, SRC-1433, SRC-1434, SRC-1455, SRC-1456, SRC-1457, SRC-1458, SRC-1459, SRC-1460, SRC-1461, SRC-1462, SRC-1463, SRC-1464, SRC-1465, SRC-1466, SRC-1467, SRC-1468, SRC-1469, SRC-1470, SRC-1471, SRC-1472, SRC-1473, SRC-1474, SRC-1475, SRC-1476, SRC-1477, SRC-1478, SRC-1479, SRC-1480, SRC-1481, SRC-1482, SRC-1483, SRC-1484, SRC-1485, SRC-1486, SRC-1487, SRC-1488, SRC-1489, SRC-1490, SRC-1491, SRC-1492, SRC-1493, SRC-1494, SRC-1495, SRC-1496, SRC-1497, SRC-1498, SRC-1500, SRC-1510","SRC-0008, SRC-0028, SRC-0050, SRC-0382, SRC-0448, SRC-0449, SRC-0450, SRC-0451, SRC-0452, SRC-0453, SRC-0454, SRC-0456, SRC-0457, SRC-0458, SRC-0459, SRC-0460, SRC-0462, SRC-0463, SRC-0464, SRC-0466, SRC-0469, SRC-0504, SRC-0508, SRC-0509, SRC-0523, SRC-0527, SRC-0530, SRC-0531, SRC-0532, SRC-0533, SRC-0534, SRC-0537, SRC-0539, SRC-0624, SRC-0637, SRC-0638, SRC-0639, SRC-0640, SRC-0641, SRC-0642, SRC-0643, SRC-0644, SRC-0645, SRC-0646, SRC-0647, SRC-0648, SRC-0649, SRC-0654, SRC-0655, SRC-0656, SRC-0657, SRC-0658, SRC-0659, SRC-0666, SRC-0667, SRC-0668, SRC-0669, SRC-0670, SRC-0819, SRC-0820, SRC-0821, SRC-0822, SRC-0827, SRC-0828, SRC-0829, SRC-0830, SRC-0831, SRC-0833, SRC-0834, SRC-0835, SRC-0836, SRC-0837, SRC-0841, SRC-0842, SRC-0845, SRC-0846, SRC-0847, SRC-0848, SRC-0849, SRC-0850, SRC-0858, SRC-0859, SRC-0860, SRC-0865, SRC-0866, SRC-0867, SRC-0868, SRC-0869, SRC-0870, SRC-0871, SRC-0874, SRC-0875, SRC-0876, SRC-0882, SRC-0885, SRC-0886, SRC-0887, SRC-0888, SRC-0889, SRC-0890, SRC-0891, SRC-0892, SRC-0893, SRC-0894, SRC-0895, SRC-0896, SRC-0897, SRC-0898, SRC-0899, SRC-0900, SRC-0901, SRC-0902, SRC-0903, SRC-0904, SRC-0905, SRC-0907, SRC-0908, SRC-0909, SRC-0910, SRC-0911, SRC-0912, SRC-0913, SRC-0914, SRC-0915, SRC-0916, SRC-0917, SRC-0918, SRC-0921, SRC-0952, SRC-0958, SRC-0959, SRC-1379, SRC-1381, SRC-1382, SRC-1383, SRC-1384, SRC-1385, SRC-1386, SRC-1387, SRC-1388, SRC-1389, SRC-1390, SRC-1391, SRC-1392, SRC-1393, SRC-1394, SRC-1395, SRC-1396, SRC-1397, SRC-1398, SRC-1399, SRC-1400, SRC-1401, SRC-1402, SRC-1403, SRC-1404, SRC-1405, SRC-1410, SRC-1413, SRC-1414, SRC-1415, SRC-1416, SRC-1417, SRC-1418, SRC-1419, SRC-1420, SRC-1421, SRC-1422, SRC-1423, SRC-1424, SRC-1428, SRC-1429, SRC-1430, SRC-1431, SRC-1432, SRC-1433, SRC-1434, SRC-1441, SRC-1455, SRC-1456, SRC-1457, SRC-1458, SRC-1459, SRC-1460, SRC-1461, SRC-1462, SRC-1463, SRC-1464, SRC-1465, SRC-1466, SRC-1467, SRC-1468, SRC-1469, SRC-1470, SRC-1471, SRC-1472, SRC-1473, SRC-1474, SRC-1475, SRC-1476, SRC-1477, SRC-1478, SRC-1479, SRC-1480, SRC-1481, SRC-1482, SRC-1483, SRC-1484, SRC-1485, SRC-1486, SRC-1487, SRC-1488, SRC-1489, SRC-1490, SRC-1491, SRC-1492, SRC-1493, SRC-1494, SRC-1495, SRC-1496, SRC-1497, SRC-1498, SRC-1500, SRC-1510",Yes – Übergreifender Release- und Risikonachweis nach den eigenständig lieferbaren Seiten-Slices; schaltet deren gemeinsamen Live-Rollout frei.,Anchor present
ST-WEB-04,EPIC-WEB,"SRC-0008, SRC-0028, SRC-0030, SRC-0050, SRC-0382, SRC-0450, SRC-0452, SRC-0453, SRC-0461, SRC-0504, SRC-0508, SRC-0509, SRC-0514, SRC-0622, SRC-0623, SRC-0638, SRC-0639, SRC-0640, SRC-0641, SRC-0642, SRC-0643, SRC-0644, SRC-0645, SRC-0646, SRC-0647, SRC-0648, SRC-0649, SRC-0652, SRC-0654, SRC-0655, SRC-0656, SRC-0657, SRC-0658, SRC-0659, SRC-0666, SRC-0819, SRC-0820, SRC-0821, SRC-0822, SRC-0823, SRC-0824, SRC-0825, SRC-0826, SRC-0827, SRC-0828, SRC-0829, SRC-0830, SRC-0831, SRC-0832, SRC-0833, SRC-0834, SRC-0835, SRC-0838, SRC-0839, SRC-0840, SRC-0841, SRC-0842, SRC-0843, SRC-0844, SRC-0845, SRC-0846, SRC-0847, SRC-0848, SRC-0849, SRC-0850, SRC-0855, SRC-0856, SRC-0857, SRC-0858, SRC-0861, SRC-0862, SRC-0863, SRC-0864, SRC-0866, SRC-0867, SRC-0868, SRC-0869, SRC-0870, SRC-0872, SRC-0873, SRC-0874, SRC-0875, SRC-0876, SRC-0877, SRC-0879, SRC-0880, SRC-0881, SRC-0882, SRC-0883, SRC-0884, SRC-0891, SRC-0897, SRC-0898, SRC-0899, SRC-0902, SRC-0904, SRC-0907, SRC-0909, SRC-0912, SRC-0914, SRC-0918, SRC-0958, SRC-1381, SRC-1383, SRC-1384, SRC-1385, SRC-1386, SRC-1394, SRC-1396, SRC-1398, SRC-1401, SRC-1402, SRC-1406, SRC-1407, SRC-1408, SRC-1409, SRC-1410, SRC-1411, SRC-1412, SRC-1413, SRC-1414, SRC-1415, SRC-1416, SRC-1417, SRC-1418, SRC-1419, SRC-1420, SRC-1421, SRC-1422, SRC-1423, SRC-1424, SRC-1425, SRC-1426, SRC-1427, SRC-1428, SRC-1429, SRC-1430, SRC-1431, SRC-1432, SRC-1455, SRC-1456, SRC-1457, SRC-1458, SRC-1459, SRC-1460, SRC-1461, SRC-1462, SRC-1463, SRC-1464, SRC-1465, SRC-1477, SRC-1478, SRC-1479, SRC-1480","SRC-0008, SRC-0028, SRC-0030, SRC-0050, SRC-0382, SRC-0450, SRC-0452, SRC-0453, SRC-0461, SRC-0504, SRC-0508, SRC-0509, SRC-0514, SRC-0622, SRC-0623, SRC-0638, SRC-0639, SRC-0640, SRC-0641, SRC-0642, SRC-0643, SRC-0644, SRC-0645, SRC-0646, SRC-0647, SRC-0648, SRC-0649, SRC-0652, SRC-0654, SRC-0655, SRC-0656, SRC-0657, SRC-0658, SRC-0659, SRC-0666, SRC-0819, SRC-0820, SRC-0821, SRC-0822, SRC-0823, SRC-0824, SRC-0825, SRC-0826, SRC-0827, SRC-0828, SRC-0829, SRC-0830, SRC-0831, SRC-0832, SRC-0833, SRC-0834, SRC-0835, SRC-0838, SRC-0839, SRC-0841, SRC-0842, SRC-0843, SRC-0844, SRC-0845, SRC-0846, SRC-0847, SRC-0848, SRC-0849, SRC-0850, SRC-0855, SRC-0856, SRC-0857, SRC-0858, SRC-0861, SRC-0862, SRC-0863, SRC-0864, SRC-0866, SRC-0867, SRC-0868, SRC-0869, SRC-0870, SRC-0872, SRC-0873, SRC-0874, SRC-0875, SRC-0876, SRC-0877, SRC-0879, SRC-0880, SRC-0881, SRC-0882, SRC-0883, SRC-0884, SRC-0891, SRC-0897, SRC-0898, SRC-0899, SRC-0902, SRC-0904, SRC-0907, SRC-0909, SRC-0912, SRC-0914, SRC-0918, SRC-0958, SRC-1381, SRC-1383, SRC-1384, SRC-1385, SRC-1386, SRC-1394, SRC-1396, SRC-1398, SRC-1401, SRC-1402, SRC-1406, SRC-1407, SRC-1408, SRC-1409, SRC-1410, SRC-1411, SRC-1412, SRC-1413, SRC-1414, SRC-1415, SRC-1416, SRC-1417, SRC-1418, SRC-1419, SRC-1420, SRC-1421, SRC-1422, SRC-1423, SRC-1424, SRC-1425, SRC-1426, SRC-1427, SRC-1428, SRC-1429, SRC-1430, SRC-1431, SRC-1432, SRC-1455, SRC-1456, SRC-1457, SRC-1458, SRC-1459, SRC-1460, SRC-1461, SRC-1462, SRC-1463, SRC-1464, SRC-1465, SRC-1477, SRC-1478, SRC-1479, SRC-1480",No,Anchor present
ST-WEB-05,EPIC-WEB,"SRC-0008, SRC-0028, SRC-0050, SRC-0382, SRC-0450, SRC-0451, SRC-0452, SRC-0453, SRC-0454, SRC-0455, SRC-0458, SRC-0461, SRC-0504, SRC-0508, SRC-0509, SRC-0511, SRC-0529, SRC-0530, SRC-0531, SRC-0532, SRC-0534, SRC-0535, SRC-0536, SRC-0537, SRC-0538, SRC-0540, SRC-0614, SRC-0615, SRC-0616, SRC-0618, SRC-0619, SRC-0620, SRC-0621, SRC-0622, SRC-0623, SRC-0630, SRC-0631, SRC-0632, SRC-0633, SRC-0634, SRC-0635, SRC-0636, SRC-0637, SRC-0638, SRC-0639, SRC-0640, SRC-0641, SRC-0642, SRC-0643, SRC-0644, SRC-0645, SRC-0646, SRC-0647, SRC-0648, SRC-0649, SRC-0652, SRC-0654, SRC-0655, SRC-0656, SRC-0657, SRC-0658, SRC-0659, SRC-0666, SRC-0819, SRC-0820, SRC-0821, SRC-0822, SRC-0823, SRC-0824, SRC-0825, SRC-0826, SRC-0827, SRC-0828, SRC-0829, SRC-0830, SRC-0831, SRC-0832, SRC-0833, SRC-0834, SRC-0835, SRC-0838, SRC-0839, SRC-0840, SRC-0841, SRC-0842, SRC-0843, SRC-0844, SRC-0845, SRC-0846, SRC-0847, SRC-0848, SRC-0849, SRC-0850, SRC-0857, SRC-0858, SRC-0860, SRC-0861, SRC-0862, SRC-0863, SRC-0864, SRC-0866, SRC-0867, SRC-0868, SRC-0869, SRC-0870, SRC-0872, SRC-0874, SRC-0875, SRC-0876, SRC-0881, SRC-0882, SRC-0883, SRC-0891, SRC-0897, SRC-0898, SRC-0899, SRC-0904, SRC-0907, SRC-0909, SRC-0912, SRC-0918, SRC-0958, SRC-1381, SRC-1383, SRC-1384, SRC-1385, SRC-1386, SRC-1394, SRC-1396, SRC-1398, SRC-1401, SRC-1402, SRC-1406, SRC-1407, SRC-1408, SRC-1409, SRC-1410, SRC-1411, SRC-1412, SRC-1413, SRC-1414, SRC-1415, SRC-1416, SRC-1417, SRC-1418, SRC-1419, SRC-1420, SRC-1421, SRC-1422, SRC-1423, SRC-1424, SRC-1425, SRC-1426, SRC-1427, SRC-1428, SRC-1429, SRC-1430, SRC-1431, SRC-1432, SRC-1455, SRC-1456, SRC-1457, SRC-1458, SRC-1459, SRC-1460, SRC-1461, SRC-1462, SRC-1463, SRC-1464, SRC-1465, SRC-1477, SRC-1478, SRC-1479","SRC-0008, SRC-0028, SRC-0050, SRC-0382, SRC-0450, SRC-0451, SRC-0452, SRC-0453, SRC-0454, SRC-0455, SRC-0458, SRC-0461, SRC-0504, SRC-0508, SRC-0509, SRC-0511, SRC-0529, SRC-0530, SRC-0531, SRC-0532, SRC-0534, SRC-0535, SRC-0536, SRC-0537, SRC-0538, SRC-0540, SRC-0614, SRC-0615, SRC-0616, SRC-0618, SRC-0619, SRC-0620, SRC-0621, SRC-0622, SRC-0623, SRC-0630, SRC-0631, SRC-0632, SRC-0633, SRC-0634, SRC-0635, SRC-0636, SRC-0637, SRC-0638, SRC-0639, SRC-0640, SRC-0641, SRC-0642, SRC-0643, SRC-0644, SRC-0645, SRC-0646, SRC-0647, SRC-0648, SRC-0649, SRC-0652, SRC-0654, SRC-0655, SRC-0656, SRC-0657, SRC-0658, SRC-0659, SRC-0666, SRC-0819, SRC-0820, SRC-0821, SRC-0822, SRC-0823, SRC-0824, SRC-0825, SRC-0826, SRC-0827, SRC-0828, SRC-0829, SRC-0830, SRC-0831, SRC-0832, SRC-0833, SRC-0834, SRC-0835, SRC-0838, SRC-0839, SRC-0841, SRC-0842, SRC-0843, SRC-0844, SRC-0845, SRC-0846, SRC-0847, SRC-0848, SRC-0849, SRC-0850, SRC-0857, SRC-0858, SRC-0860, SRC-0861, SRC-0862, SRC-0863, SRC-0864, SRC-0866, SRC-0867, SRC-0868, SRC-0869, SRC-0870, SRC-0872, SRC-0874, SRC-0875, SRC-0876, SRC-0881, SRC-0882, SRC-0883, SRC-0891, SRC-0897, SRC-0898, SRC-0899, SRC-0904, SRC-0907, SRC-0909, SRC-0912, SRC-0918, SRC-0958, SRC-1381, SRC-1383, SRC-1384, SRC-1385, SRC-1386, SRC-1394, SRC-1396, SRC-1398, SRC-1401, SRC-1402, SRC-1406, SRC-1407, SRC-1408, SRC-1409, SRC-1410, SRC-1411, SRC-1412, SRC-1413, SRC-1414, SRC-1415, SRC-1416, SRC-1417, SRC-1418, SRC-1419, SRC-1420, SRC-1421, SRC-1422, SRC-1423, SRC-1424, SRC-1425, SRC-1426, SRC-1427, SRC-1428, SRC-1429, SRC-1430, SRC-1431, SRC-1432, SRC-1455, SRC-1456, SRC-1457, SRC-1458, SRC-1459, SRC-1460, SRC-1461, SRC-1462, SRC-1463, SRC-1464, SRC-1465, SRC-1477, SRC-1478, SRC-1479",No,Anchor present
ST-WEB-06,EPIC-WEB,"SRC-0044, SRC-0514, SRC-0631, SRC-0635","SRC-0044, SRC-0514, SRC-0631, SRC-0635",No,Anchor present
ST-WEB-07,EPIC-WEB,"SRC-0045, SRC-1181, SRC-1184, SRC-1185","SRC-0045, SRC-1181, SRC-1184, SRC-1185",No,Anchor present
ST-PHOTO-01,EPIC-PHOTO,"SRC-0024, SRC-0027, SRC-0032, SRC-0033, SRC-0037, SRC-0039, SRC-0463, SRC-0464, SRC-0467, SRC-0468, SRC-0506, SRC-0507, SRC-0510, SRC-0512, SRC-0513, SRC-0514, SRC-0522, SRC-0524, SRC-0525, SRC-0528, SRC-0550, SRC-0601, SRC-0607, SRC-0617, SRC-0640, SRC-0658, SRC-0659, SRC-0660, SRC-0819, SRC-0820, SRC-0909, SRC-0921, SRC-0925, SRC-0926, SRC-0927, SRC-0945, SRC-0946, SRC-0947, SRC-0955, SRC-0956, SRC-0959, SRC-1379, SRC-1381, SRC-1387, SRC-1388, SRC-1389, SRC-1390, SRC-1391, SRC-1392, SRC-1393, SRC-1394, SRC-1395, SRC-1396, SRC-1397, SRC-1404, SRC-1433, SRC-1434, SRC-1435, SRC-1436, SRC-1437, SRC-1438, SRC-1439, SRC-1440, SRC-1441, SRC-1442, SRC-1443, SRC-1444, SRC-1445, SRC-1446, SRC-1447, SRC-1448, SRC-1449, SRC-1450, SRC-1451, SRC-1452, SRC-1453, SRC-1454, SRC-1455, SRC-1456, SRC-1457, SRC-1458, SRC-1459, SRC-1460, SRC-1461, SRC-1462, SRC-1463, SRC-1464, SRC-1465, SRC-1466, SRC-1467, SRC-1468, SRC-1469, SRC-1470, SRC-1471, SRC-1472, SRC-1473, SRC-1474, SRC-1475, SRC-1476, SRC-1480, SRC-1481, SRC-1482, SRC-1483, SRC-1484, SRC-1485, SRC-1486, SRC-1487, SRC-1488, SRC-1489, SRC-1490, SRC-1491, SRC-1492, SRC-1493, SRC-1494, SRC-1495, SRC-1496, SRC-1497, SRC-1498, SRC-1499, SRC-1500, SRC-1501, SRC-1502, SRC-1503, SRC-1504, SRC-1505, SRC-1506, SRC-1507, SRC-1508, SRC-1509, SRC-1510, SRC-1511, SRC-1512, SRC-2368","SRC-0024, SRC-0027, SRC-0032, SRC-0033, SRC-0037, SRC-0039, SRC-0463, SRC-0464, SRC-0467, SRC-0468, SRC-0506, SRC-0507, SRC-0510, SRC-0512, SRC-0513, SRC-0514, SRC-0522, SRC-0524, SRC-0525, SRC-0528, SRC-0550, SRC-0601, SRC-0607, SRC-0617, SRC-0640, SRC-0658, SRC-0659, SRC-0660, SRC-0819, SRC-0820, SRC-0909, SRC-0921, SRC-0925, SRC-0926, SRC-0927, SRC-0945, SRC-0946, SRC-0947, SRC-0955, SRC-0956, SRC-0959, SRC-1379, SRC-1381, SRC-1387, SRC-1388, SRC-1389, SRC-1390, SRC-1391, SRC-1392, SRC-1393, SRC-1394, SRC-1395, SRC-1396, SRC-1397, SRC-1404, SRC-1417, SRC-1418, SRC-1433, SRC-1434, SRC-1435, SRC-1436, SRC-1437, SRC-1438, SRC-1439, SRC-1440, SRC-1441, SRC-1442, SRC-1443, SRC-1444, SRC-1445, SRC-1446, SRC-1447, SRC-1448, SRC-1449, SRC-1450, SRC-1451, SRC-1452, SRC-1453, SRC-1454, SRC-1455, SRC-1456, SRC-1457, SRC-1458, SRC-1459, SRC-1460, SRC-1461, SRC-1462, SRC-1463, SRC-1464, SRC-1465, SRC-1466, SRC-1467, SRC-1468, SRC-1469, SRC-1470, SRC-1471, SRC-1472, SRC-1473, SRC-1474, SRC-1475, SRC-1476, SRC-1479, SRC-1480, SRC-1481, SRC-1482, SRC-1483, SRC-1484, SRC-1485, SRC-1486, SRC-1487, SRC-1488, SRC-1489, SRC-1490, SRC-1491, SRC-1492, SRC-1493, SRC-1494, SRC-1495, SRC-1496, SRC-1497, SRC-1498, SRC-1499, SRC-1500, SRC-1501, SRC-1502, SRC-1503, SRC-1504, SRC-1505, SRC-1506, SRC-1507, SRC-1508, SRC-1509, SRC-1510, SRC-1511, SRC-1512, SRC-2350, SRC-2355, SRC-2356, SRC-2357, SRC-2358, SRC-2366, SRC-2367, SRC-2368",No,Anchor present
ST-PHOTO-02,EPIC-PHOTO,"SRC-0031, SRC-0034, SRC-0035, SRC-0036, SRC-0038, SRC-0506, SRC-0507, SRC-0510, SRC-0521, SRC-0522, SRC-0524, SRC-0525, SRC-0526, SRC-0527, SRC-0528, SRC-0618, SRC-1435, SRC-1436, SRC-1437, SRC-1438, SRC-1439, SRC-1455, SRC-1456, SRC-1457, SRC-1458, SRC-1459, SRC-1460, SRC-1461, SRC-1462, SRC-1463, SRC-1464, SRC-1465, SRC-2368","SRC-0031, SRC-0034, SRC-0035, SRC-0036, SRC-0038, SRC-0506, SRC-0507, SRC-0510, SRC-0521, SRC-0522, SRC-0524, SRC-0525, SRC-0526, SRC-0527, SRC-0528, SRC-0618, SRC-1435, SRC-1436, SRC-1437, SRC-1438, SRC-1439, SRC-1455, SRC-1456, SRC-1457, SRC-1458, SRC-1459, SRC-1460, SRC-1461, SRC-1462, SRC-1463, SRC-1464, SRC-1465, SRC-2351, SRC-2352, SRC-2353, SRC-2354, SRC-2359, SRC-2360, SRC-2361, SRC-2362, SRC-2363, SRC-2364, SRC-2365, SRC-2366, SRC-2367, SRC-2368",No,Anchor present
ST-PHOTO-03,EPIC-PHOTO,"SRC-0042, SRC-0453, SRC-0465, SRC-0466, SRC-0507, SRC-0510, SRC-0533, SRC-0660","SRC-0042, SRC-0453, SRC-0465, SRC-0466, SRC-0507, SRC-0533, SRC-0660, SRC-2357, SRC-2367",No,Anchor present
ST-PHOTO-04,EPIC-PHOTO,"SRC-0450, SRC-0451, SRC-0452, SRC-0454, SRC-0457","SRC-0450, SRC-0451, SRC-0452, SRC-0454, SRC-0457, SRC-0514",No,Anchor present
ST-PHOTO-05,EPIC-PHOTO,"SRC-0525, SRC-0527, SRC-0528, SRC-1439, SRC-1455, SRC-1456, SRC-1457, SRC-1458, SRC-1459, SRC-1460, SRC-1461, SRC-1462, SRC-1463, SRC-1464, SRC-1465","SRC-0525, SRC-0527, SRC-0528, SRC-1439, SRC-1455, SRC-1456, SRC-1457, SRC-1458, SRC-1459, SRC-1460, SRC-1461, SRC-1462, SRC-1463, SRC-1464, SRC-1465",No,Anchor present
ST-PHOTO-06,EPIC-PHOTO,"SRC-0522, SRC-0528","SRC-0522, SRC-0528",No,Anchor present
ST-PHOTO-07,EPIC-PHOTO,"SRC-0024, SRC-0510, SRC-0521, SRC-0522, SRC-0523, SRC-0525, SRC-0527, SRC-0528","SRC-0024, SRC-0510, SRC-0521, SRC-0522, SRC-0523, SRC-0525, SRC-0527, SRC-0528",No,Anchor present
ST-SEO-01,EPIC-SEO,"SRC-0382, SRC-0467, SRC-0530, SRC-0962, SRC-0963, SRC-0964, SRC-0965, SRC-0966, SRC-0967, SRC-0969, SRC-0979","SRC-0382, SRC-0467, SRC-0530, SRC-0962, SRC-0963, SRC-0964, SRC-0965, SRC-0966, SRC-0967, SRC-0968, SRC-0969, SRC-0979",No,Anchor present
ST-SEO-02,EPIC-SEO,"SRC-0516, SRC-0974, SRC-0975","SRC-0516, SRC-0974, SRC-0975",No,Anchor present
ST-SEO-03,EPIC-SEO,"SRC-0517, SRC-0978","SRC-0517, SRC-0978",No,Anchor present
ST-SEO-04,EPIC-SEO,"SRC-0043, SRC-0976, SRC-0977","SRC-0043, SRC-0976, SRC-0977",No,Anchor present
ST-SEO-05,EPIC-SEO,"SRC-0043, SRC-0976, SRC-0977","SRC-0043, SRC-0976, SRC-0977",No,Anchor present
ST-SEO-06,EPIC-SEO,"SRC-0043, SRC-0976, SRC-0977","SRC-0043, SRC-0976, SRC-0977",No,Anchor present
ST-SEO-07,EPIC-SEO,"SRC-0042, SRC-0976","SRC-0042, SRC-0976",No,Anchor present
ST-CON-01,EPIC-CONTENT,"SRC-0049, SRC-0379, SRC-0380, SRC-0470, SRC-0472, SRC-0474, SRC-0593, SRC-0594, SRC-0595, SRC-0596, SRC-0597, SRC-0598, SRC-0599, SRC-0600, SRC-0601, SRC-0602, SRC-0603, SRC-0604, SRC-0605, SRC-0606, SRC-0607, SRC-0608, SRC-0609, SRC-0610, SRC-0611, SRC-0612, SRC-0613, SRC-0746, SRC-0747, SRC-0748, SRC-0749, SRC-0750, SRC-0751, SRC-0752, SRC-0753, SRC-0754, SRC-0755, SRC-0756, SRC-0757, SRC-0758, SRC-0759, SRC-0760, SRC-0761, SRC-0762, SRC-0763, SRC-0764, SRC-0765, SRC-0766, SRC-0767, SRC-0768, SRC-0769, SRC-0770, SRC-0771, SRC-0772, SRC-0773, SRC-0774, SRC-0775, SRC-0776, SRC-0777, SRC-0778, SRC-0779, SRC-0780, SRC-0781, SRC-1075","SRC-0049, SRC-0379, SRC-0380, SRC-0470, SRC-0472, SRC-0474, SRC-0593, SRC-0594, SRC-0595, SRC-0596, SRC-0597, SRC-0598, SRC-0599, SRC-0600, SRC-0601, SRC-0602, SRC-0603, SRC-0604, SRC-0605, SRC-0606, SRC-0607, SRC-0608, SRC-0609, SRC-0610, SRC-0611, SRC-0612, SRC-0613, SRC-0746, SRC-0747, SRC-0748, SRC-0749, SRC-0750, SRC-0751, SRC-0752, SRC-0753, SRC-0754, SRC-0755, SRC-0756, SRC-0757, SRC-0758, SRC-0759, SRC-0760, SRC-0761, SRC-0762, SRC-0763, SRC-0764, SRC-0765, SRC-0766, SRC-0767, SRC-0768, SRC-0769, SRC-0770, SRC-0771, SRC-0772, SRC-0773, SRC-0774, SRC-0775, SRC-0776, SRC-0777, SRC-0778, SRC-0779, SRC-0780, SRC-0781, SRC-1075",No,Anchor present
ST-CON-02,EPIC-CONTENT,"SRC-0049, SRC-0379, SRC-0471, SRC-0473, SRC-0475, SRC-0593, SRC-0594, SRC-0595, SRC-0596, SRC-0597, SRC-0598, SRC-0599, SRC-0600, SRC-0601, SRC-0602, SRC-0603, SRC-0604, SRC-0605, SRC-0606, SRC-0607, SRC-0608, SRC-0609, SRC-0610, SRC-0611, SRC-0612, SRC-0613, SRC-1075,SRC-0473","SRC-0049, SRC-0379, SRC-0471, SRC-0473, SRC-0475, SRC-0593, SRC-0594, SRC-0595, SRC-0596, SRC-0597, SRC-0598, SRC-0599, SRC-0600, SRC-0601, SRC-0602, SRC-0603, SRC-0604, SRC-0605, SRC-0606, SRC-0607, SRC-0608, SRC-0609, SRC-0610, SRC-0611, SRC-0612, SRC-0613, SRC-1075",No,Anchor present
ST-CON-03,EPIC-CONTENT,"SRC-0049, SRC-0379, SRC-0471, SRC-0473, SRC-0475, SRC-0593, SRC-0594, SRC-0595, SRC-0596, SRC-0597, SRC-0598, SRC-0599, SRC-0600, SRC-0601, SRC-0602, SRC-0603, SRC-0604, SRC-0605, SRC-0606, SRC-0607, SRC-0608, SRC-0609, SRC-0610, SRC-0611, SRC-0612, SRC-0613, SRC-1075,SRC-0473","SRC-0049, SRC-0379, SRC-0471, SRC-0473, SRC-0475, SRC-0593, SRC-0594, SRC-0595, SRC-0596, SRC-0597, SRC-0598, SRC-0599, SRC-0600, SRC-0601, SRC-0602, SRC-0603, SRC-0604, SRC-0605, SRC-0606, SRC-0607, SRC-0608, SRC-0609, SRC-0610, SRC-0611, SRC-0612, SRC-0613, SRC-1075",No,Anchor present
ST-CON-04,EPIC-CONTENT,"SRC-0515, SRC-0920, SRC-0922, SRC-0923, SRC-0924, SRC-0925, SRC-0926, SRC-0927, SRC-0928, SRC-0929, SRC-0930, SRC-0931, SRC-0932, SRC-0933, SRC-0934, SRC-0935, SRC-0936, SRC-0937, SRC-0938, SRC-0939, SRC-0940, SRC-0941, SRC-0942, SRC-0943, SRC-0944, SRC-0945, SRC-0946, SRC-0947, SRC-0948, SRC-0949, SRC-0950, SRC-0951, SRC-0952, SRC-0953, SRC-0954, SRC-0955, SRC-0956, SRC-0957, SRC-0958, SRC-0959","SRC-0515, SRC-0920, SRC-0922, SRC-0923, SRC-0924, SRC-0925, SRC-0926, SRC-0927, SRC-0928, SRC-0929, SRC-0930, SRC-0931, SRC-0932, SRC-0933, SRC-0934, SRC-0935, SRC-0936, SRC-0937, SRC-0938, SRC-0939, SRC-0940, SRC-0941, SRC-0942, SRC-0943, SRC-0944, SRC-0945, SRC-0946, SRC-0947, SRC-0948, SRC-0949, SRC-0950, SRC-0951, SRC-0952, SRC-0953, SRC-0954, SRC-0955, SRC-0956, SRC-0957, SRC-0958, SRC-0959",No,Anchor present
ST-VID-01,EPIC-VIDEO,,"SRC-1835, SRC-1836, SRC-1837, SRC-1838, SRC-1839, SRC-1840, SRC-1841, SRC-1842, SRC-1843, SRC-1844, SRC-2039, SRC-2040, SRC-2041, SRC-2042, SRC-2243, SRC-2244, SRC-2245, SRC-2246, SRC-2247, SRC-2249, SRC-2250, SRC-2251, SRC-2252, SRC-2253",No,Missing anchor
ST-AUTH-01,EPIC-ACCESS,"SRC-0048, SRC-0373, SRC-0439, SRC-0440, SRC-0441, SRC-0442, SRC-0443, SRC-0444, SRC-0445, SRC-0446, SRC-0447, SRC-0555, SRC-0661, SRC-0662, SRC-0663, SRC-0664, SRC-0665, SRC-1014, SRC-1015, SRC-1021, SRC-1023, SRC-1024, SRC-1025, SRC-1032, SRC-1033, SRC-1034, SRC-1035, SRC-1036, SRC-1037, SRC-1038, SRC-1039, SRC-1059, SRC-1060, SRC-1062, SRC-1063, SRC-1064, SRC-1065, SRC-1066, SRC-1067, SRC-1068, SRC-1076, SRC-1078, SRC-1088, SRC-1094, SRC-1100, SRC-1102, SRC-1146, SRC-1183, SRC-1191, SRC-1203, SRC-1214, SRC-1215, SRC-1221, SRC-1631","SRC-0048, SRC-0373, SRC-0439, SRC-0440, SRC-0441, SRC-0442, SRC-0443, SRC-0444, SRC-0445, SRC-0446, SRC-0447, SRC-0555, SRC-0661, SRC-0662, SRC-0663, SRC-0664, SRC-0665, SRC-1014, SRC-1015, SRC-1021, SRC-1023, SRC-1024, SRC-1025, SRC-1032, SRC-1033, SRC-1034, SRC-1035, SRC-1036, SRC-1037, SRC-1038, SRC-1039, SRC-1059, SRC-1060, SRC-1062, SRC-1063, SRC-1064, SRC-1065, SRC-1066, SRC-1067, SRC-1068, SRC-1076, SRC-1078, SRC-1088, SRC-1094, SRC-1100, SRC-1102, SRC-1146, SRC-1183, SRC-1191, SRC-1203, SRC-1214, SRC-1215, SRC-1221, SRC-1631",No,Anchor present
ST-CMS-01,EPIC-CMS,"SRC-0415, SRC-0416, SRC-0418, SRC-0419, SRC-0420, SRC-0422, SRC-0423, SRC-0424","SRC-0415, SRC-0416, SRC-0418, SRC-0419, SRC-0420, SRC-0422, SRC-0423, SRC-0424",No,Anchor present
ST-CMS-02,EPIC-CMS,SRC-0424,SRC-0424,No,Anchor present
ST-CMS-03,EPIC-CMS,"SRC-0426, SRC-0427, SRC-0428","SRC-0426, SRC-0427, SRC-0428",No,Anchor present
ST-CMS-04,EPIC-CMS,SRC-0430,SRC-0430,No,Anchor present
ST-CMS-05,EPIC-CMS,SRC-0431,SRC-0431,No,Anchor present
ST-CMS-06,EPIC-CMS,SRC-0433,SRC-0433,No,Anchor present
ST-CMS-07,EPIC-CMS,SRC-0434,SRC-0434,No,Anchor present
ST-CMS-08,EPIC-CMS,"SRC-0436, SRC-0438","SRC-0436, SRC-0438",No,Anchor present
ST-CMS-09,EPIC-CMS,"SRC-0437, SRC-0438","SRC-0437, SRC-0438",No,Anchor present
ST-AN-01,EPIC-ANALYTICS,"SRC-0002, SRC-0348, SRC-0349, SRC-0350, SRC-0351, SRC-0352, SRC-0353, SRC-0356, SRC-0357, SRC-0358, SRC-0359, SRC-0361, SRC-0383, SRC-0384, SRC-0386, SRC-0387, SRC-0389, SRC-0390, SRC-0392, SRC-0393, SRC-0394, SRC-0396, SRC-0397, SRC-0408, SRC-0409","SRC-0002, SRC-0348, SRC-0349, SRC-0350, SRC-0351, SRC-0352, SRC-0353, SRC-0355, SRC-0356, SRC-0357, SRC-0358, SRC-0359, SRC-0361, SRC-0383, SRC-0384, SRC-0386, SRC-0387, SRC-0389, SRC-0390, SRC-0392, SRC-0393, SRC-0394, SRC-0396, SRC-0397, SRC-0408, SRC-0409",No,Anchor present
ST-AN-02,EPIC-ANALYTICS,"SRC-0355, SRC-0398, SRC-0399","SRC-0355, SRC-0398, SRC-0399",No,Anchor present
ST-AN-03,EPIC-ANALYTICS,SRC-0401,"SRC-0401, SRC-0402",No,Anchor present
ST-AN-04,EPIC-ANALYTICS,"SRC-0354, SRC-0403","SRC-0354, SRC-0403",No,Anchor present
ST-AN-05,EPIC-ANALYTICS,"SRC-0357, SRC-0360, SRC-0405, SRC-0406","SRC-0356, SRC-0357, SRC-0359, SRC-0360, SRC-0405, SRC-0406",No,Anchor present
ST-AN-06,EPIC-ANALYTICS,"SRC-0349, SRC-0359, SRC-0411, SRC-0412","SRC-0349, SRC-0359, SRC-0411, SRC-0412",No,Anchor present
ST-AN-07,EPIC-ANALYTICS,"SRC-0360, SRC-0414","SRC-0349, SRC-0360, SRC-0414",No,Anchor present
ST-AN-08,EPIC-ANALYTICS,SRC-0399,SRC-0399,No,Anchor present
ST-AN-09,EPIC-ANALYTICS,SRC-0402,SRC-0402,No,Anchor present
ST-INS-01,EPIC-INSIGHTS,"SRC-0374, SRC-0375, SRC-0376, SRC-0377, SRC-0378, SRC-0999, SRC-1014, SRC-1015, SRC-1016, SRC-1017, SRC-1021, SRC-1025, SRC-1026, SRC-1027, SRC-1028, SRC-1029, SRC-1030, SRC-1034, SRC-1040, SRC-1042, SRC-1043, SRC-1053, SRC-1054, SRC-1055, SRC-1056, SRC-1057, SRC-1058, SRC-1059, SRC-1061, SRC-1068, SRC-1069, SRC-1070, SRC-1071, SRC-1072, SRC-1073, SRC-1074, SRC-1075, SRC-1076, SRC-1077, SRC-1078, SRC-1079, SRC-1080, SRC-1081, SRC-1082, SRC-1084, SRC-1085, SRC-1086, SRC-1087, SRC-1088, SRC-1089, SRC-1090, SRC-1091, SRC-1092, SRC-1093, SRC-1094, SRC-1095, SRC-1097, SRC-1098, SRC-1099, SRC-1100, SRC-1101, SRC-1102, SRC-1103, SRC-1104, SRC-1105, SRC-1106, SRC-1107, SRC-1109, SRC-1110, SRC-1111, SRC-1112, SRC-1113, SRC-1114, SRC-1115, SRC-1116, SRC-1117, SRC-1118, SRC-1119, SRC-1120, SRC-1121, SRC-1122, SRC-1123, SRC-1124, SRC-1125, SRC-1126, SRC-1127, SRC-1128, SRC-1129, SRC-1130, SRC-1131, SRC-1132, SRC-1133, SRC-1134, SRC-1135, SRC-1136, SRC-1137, SRC-1139, SRC-1146, SRC-1147, SRC-1148, SRC-1150, SRC-1151, SRC-1152, SRC-1153, SRC-1156, SRC-1157, SRC-1158, SRC-1159, SRC-1160, SRC-1161, SRC-1162, SRC-1163, SRC-1165, SRC-1166, SRC-1169, SRC-1170, SRC-1171, SRC-1172, SRC-1173, SRC-1174, SRC-1175, SRC-1176, SRC-1177, SRC-1178, SRC-1179, SRC-1180, SRC-1181, SRC-1182, SRC-1183, SRC-1187, SRC-1188, SRC-1189, SRC-1190, SRC-1191, SRC-1192, SRC-1193, SRC-1194, SRC-1195, SRC-1196, SRC-1197, SRC-1198, SRC-1199, SRC-1200, SRC-1201, SRC-1202, SRC-1203, SRC-1207, SRC-1208, SRC-1209, SRC-1212, SRC-1214, SRC-1215, SRC-1216, SRC-1218, SRC-1220, SRC-1221, SRC-1222, SRC-1223, SRC-1632","SRC-0374, SRC-0375, SRC-0376, SRC-0377, SRC-0378, SRC-0999, SRC-1014, SRC-1015, SRC-1016, SRC-1017, SRC-1021, SRC-1025, SRC-1026, SRC-1027, SRC-1028, SRC-1029, SRC-1030, SRC-1034, SRC-1040, SRC-1042, SRC-1043, SRC-1053, SRC-1054, SRC-1055, SRC-1056, SRC-1057, SRC-1058, SRC-1059, SRC-1061, SRC-1068, SRC-1069, SRC-1070, SRC-1071, SRC-1072, SRC-1073, SRC-1074, SRC-1075, SRC-1076, SRC-1077, SRC-1078, SRC-1079, SRC-1080, SRC-1081, SRC-1082, SRC-1084, SRC-1085, SRC-1086, SRC-1087, SRC-1088, SRC-1089, SRC-1090, SRC-1091, SRC-1092, SRC-1093, SRC-1094, SRC-1095, SRC-1097, SRC-1098, SRC-1099, SRC-1100, SRC-1101, SRC-1102, SRC-1103, SRC-1104, SRC-1105, SRC-1106, SRC-1107, SRC-1109, SRC-1110, SRC-1111, SRC-1112, SRC-1113, SRC-1114, SRC-1115, SRC-1116, SRC-1117, SRC-1118, SRC-1119, SRC-1120, SRC-1121, SRC-1122, SRC-1123, SRC-1124, SRC-1125, SRC-1126, SRC-1127, SRC-1128, SRC-1129, SRC-1130, SRC-1131, SRC-1132, SRC-1133, SRC-1134, SRC-1135, SRC-1136, SRC-1137, SRC-1139, SRC-1146, SRC-1147, SRC-1148, SRC-1150, SRC-1151, SRC-1152, SRC-1153, SRC-1156, SRC-1157, SRC-1158, SRC-1159, SRC-1160, SRC-1161, SRC-1162, SRC-1163, SRC-1165, SRC-1166, SRC-1169, SRC-1170, SRC-1171, SRC-1172, SRC-1173, SRC-1174, SRC-1175, SRC-1176, SRC-1177, SRC-1178, SRC-1179, SRC-1180, SRC-1181, SRC-1182, SRC-1183, SRC-1187, SRC-1188, SRC-1189, SRC-1190, SRC-1191, SRC-1192, SRC-1193, SRC-1194, SRC-1195, SRC-1196, SRC-1197, SRC-1198, SRC-1199, SRC-1200, SRC-1201, SRC-1202, SRC-1203, SRC-1207, SRC-1208, SRC-1209, SRC-1212, SRC-1214, SRC-1215, SRC-1216, SRC-1218, SRC-1220, SRC-1221, SRC-1222, SRC-1223, SRC-1632",No,Anchor present
ST-INS-02,EPIC-INSIGHTS,"SRC-0492, SRC-1115, SRC-1132","SRC-0492, SRC-1115, SRC-1132",No,Anchor present
ST-INS-03,EPIC-INSIGHTS,"SRC-0493, SRC-1090, SRC-1099, SRC-1103, SRC-1104, SRC-1105, SRC-1106, SRC-1107, SRC-1108, SRC-1111, SRC-1155, SRC-1157, SRC-1192, SRC-1193, SRC-1215","SRC-0493, SRC-1090, SRC-1099, SRC-1103, SRC-1104, SRC-1105, SRC-1106, SRC-1107, SRC-1108, SRC-1111, SRC-1155, SRC-1157, SRC-1192, SRC-1193, SRC-1215",No,Anchor present
ST-INS-04,EPIC-INSIGHTS,"SRC-0494, SRC-0495, SRC-0496, SRC-1028, SRC-1080, SRC-1093, SRC-1110, SRC-1118, SRC-1120, SRC-1122, SRC-1123, SRC-1124, SRC-1125, SRC-1126, SRC-1127, SRC-1134, SRC-1135, SRC-1151, SRC-1164, SRC-1207, SRC-1208, SRC-1209, SRC-1211, SRC-1217, SRC-1219, SRC-1222","SRC-0494, SRC-0495, SRC-0496, SRC-1028, SRC-1080, SRC-1093, SRC-1110, SRC-1118, SRC-1120, SRC-1122, SRC-1123, SRC-1124, SRC-1125, SRC-1126, SRC-1127, SRC-1134, SRC-1135, SRC-1151, SRC-1164, SRC-1207, SRC-1208, SRC-1209, SRC-1211, SRC-1217, SRC-1219, SRC-1222",No,Anchor present
ST-INS-05,EPIC-INSIGHTS,"SRC-0380, SRC-0476, SRC-0497, SRC-0498, SRC-1137, SRC-1138, SRC-1210","SRC-0380, SRC-0476, SRC-0497, SRC-0498, SRC-1137, SRC-1138, SRC-1210",No,Anchor present
ST-INS-06,EPIC-INSIGHTS,"SRC-0499, SRC-1213, SRC-1222, SRC-1224","SRC-0499, SRC-1213, SRC-1222, SRC-1224",No,Anchor present
ST-BRD-01,EPIC-BOARD,"SRC-0047, SRC-0477, SRC-0478, SRC-0479, SRC-0480, SRC-0482, SRC-0483, SRC-0484, SRC-0485, SRC-0486, SRC-0490, SRC-0491, SRC-0562, SRC-1140, SRC-1141, SRC-1142, SRC-1143, SRC-1146, SRC-1154, SRC-1167, SRC-1515, SRC-1516, SRC-1518, SRC-1519, SRC-1520, SRC-1521, SRC-1523, SRC-1524, SRC-1525, SRC-1526, SRC-1527, SRC-1528, SRC-1530, SRC-1532, SRC-1533, SRC-1534, SRC-1535, SRC-1537, SRC-1538, SRC-1540, SRC-1542, SRC-1543, SRC-1544, SRC-1545, SRC-1546, SRC-1547, SRC-1548, SRC-1549, SRC-1550, SRC-1551, SRC-1552, SRC-1553, SRC-1554, SRC-1555, SRC-1556, SRC-1557, SRC-1558, SRC-1559, SRC-1560, SRC-1561, SRC-1562, SRC-1563, SRC-1564, SRC-1565, SRC-1566, SRC-1567, SRC-1597, SRC-1598, SRC-1599, SRC-1600, SRC-1601, SRC-1602, SRC-1605, SRC-1607, SRC-1608, SRC-1609, SRC-1610, SRC-1611, SRC-1613, SRC-1624, SRC-1625, SRC-1626, SRC-1631, SRC-1639, SRC-1640, SRC-1643, SRC-1644, SRC-1646, SRC-1647, SRC-1649","SRC-0047, SRC-0477, SRC-0478, SRC-0479, SRC-0480, SRC-0482, SRC-0483, SRC-0484, SRC-0485, SRC-0486, SRC-0490, SRC-0491, SRC-0562, SRC-1140, SRC-1141, SRC-1142, SRC-1143, SRC-1146, SRC-1154, SRC-1167, SRC-1515, SRC-1516, SRC-1518, SRC-1519, SRC-1520, SRC-1521, SRC-1523, SRC-1524, SRC-1525, SRC-1526, SRC-1527, SRC-1528, SRC-1530, SRC-1532, SRC-1533, SRC-1534, SRC-1535, SRC-1537, SRC-1538, SRC-1540, SRC-1542, SRC-1543, SRC-1544, SRC-1545, SRC-1546, SRC-1547, SRC-1548, SRC-1549, SRC-1550, SRC-1551, SRC-1552, SRC-1553, SRC-1554, SRC-1555, SRC-1556, SRC-1557, SRC-1558, SRC-1559, SRC-1560, SRC-1561, SRC-1562, SRC-1563, SRC-1564, SRC-1565, SRC-1566, SRC-1567, SRC-1597, SRC-1598, SRC-1599, SRC-1600, SRC-1601, SRC-1602, SRC-1605, SRC-1607, SRC-1608, SRC-1609, SRC-1610, SRC-1611, SRC-1613, SRC-1624, SRC-1625, SRC-1626, SRC-1629, SRC-1630, SRC-1631, SRC-1639, SRC-1640, SRC-1643, SRC-1644, SRC-1646, SRC-1647, SRC-1649, SRC-1650, SRC-1651, SRC-1659, SRC-1660, SRC-1661, SRC-1662, SRC-1663, SRC-1664, SRC-1665, SRC-1666, SRC-1671, SRC-1673, SRC-1674, SRC-1678, SRC-1679",No,Anchor present
ST-BRD-02,EPIC-BOARD,"SRC-0477, SRC-0479, SRC-0483, SRC-0487, SRC-0491, SRC-1516, SRC-1518, SRC-1519, SRC-1520, SRC-1521, SRC-1526, SRC-1528, SRC-1550, SRC-1561, SRC-1562, SRC-1564, SRC-1614, SRC-1615, SRC-1616, SRC-1617, SRC-1618, SRC-1619, SRC-1620, SRC-1621, SRC-1639, SRC-1641, SRC-1644, SRC-1646, SRC-1649","SRC-0477, SRC-0479, SRC-0487, SRC-0491, SRC-1167, SRC-1516, SRC-1518, SRC-1519, SRC-1520, SRC-1521, SRC-1526, SRC-1528, SRC-1550, SRC-1561, SRC-1562, SRC-1564, SRC-1614, SRC-1615, SRC-1616, SRC-1617, SRC-1618, SRC-1619, SRC-1620, SRC-1621, SRC-1622, SRC-1639, SRC-1641, SRC-1644, SRC-1646, SRC-1649, SRC-1650, SRC-1664, SRC-1672, SRC-1674, SRC-1676",No,Anchor present
ST-BRD-03,EPIC-BOARD,"SRC-0481, SRC-0483, SRC-0485, SRC-0486, SRC-0489, SRC-0491, SRC-0519, SRC-0562, SRC-1019, SRC-1144, SRC-1145, SRC-1168, SRC-1516, SRC-1519, SRC-1521, SRC-1523, SRC-1527, SRC-1528, SRC-1529, SRC-1536, SRC-1537, SRC-1544, SRC-1545, SRC-1547, SRC-1548, SRC-1553, SRC-1558, SRC-1563, SRC-1566, SRC-1567, SRC-1568, SRC-1569, SRC-1570, SRC-1571, SRC-1572, SRC-1573, SRC-1574, SRC-1575, SRC-1576, SRC-1577, SRC-1578, SRC-1579, SRC-1580, SRC-1581, SRC-1582, SRC-1583, SRC-1591, SRC-1594, SRC-1603, SRC-1604, SRC-1612, SRC-1621, SRC-1627, SRC-1628, SRC-1631, SRC-1632, SRC-1634, SRC-1635, SRC-1636, SRC-1642, SRC-1646, SRC-1647, SRC-1649","SRC-0481, SRC-0485, SRC-0486, SRC-0489, SRC-0491, SRC-0519, SRC-0562, SRC-1019, SRC-1144, SRC-1145, SRC-1168, SRC-1516, SRC-1519, SRC-1521, SRC-1523, SRC-1527, SRC-1528, SRC-1529, SRC-1536, SRC-1537, SRC-1544, SRC-1545, SRC-1547, SRC-1548, SRC-1553, SRC-1558, SRC-1563, SRC-1566, SRC-1567, SRC-1568, SRC-1569, SRC-1570, SRC-1571, SRC-1572, SRC-1573, SRC-1574, SRC-1575, SRC-1576, SRC-1577, SRC-1578, SRC-1579, SRC-1580, SRC-1581, SRC-1582, SRC-1583, SRC-1591, SRC-1594, SRC-1603, SRC-1604, SRC-1612, SRC-1621, SRC-1627, SRC-1628, SRC-1629, SRC-1630, SRC-1631, SRC-1632, SRC-1633, SRC-1634, SRC-1635, SRC-1636, SRC-1637, SRC-1642, SRC-1646, SRC-1647, SRC-1649, SRC-1650, SRC-1651, SRC-1657, SRC-1659, SRC-1660, SRC-1663, SRC-1667, SRC-1668, SRC-1669, SRC-1671, SRC-1673, SRC-1677, SRC-1679",No,Anchor present
ST-BRD-04,EPIC-BOARD,"SRC-0483, SRC-0488, SRC-0491, SRC-1154, SRC-1513, SRC-1514, SRC-1515, SRC-1516, SRC-1517, SRC-1518, SRC-1520, SRC-1522, SRC-1524, SRC-1525, SRC-1526, SRC-1528, SRC-1530, SRC-1532, SRC-1533, SRC-1534, SRC-1535, SRC-1538, SRC-1540, SRC-1542, SRC-1543, SRC-1546, SRC-1549, SRC-1550, SRC-1551, SRC-1552, SRC-1554, SRC-1555, SRC-1556, SRC-1557, SRC-1559, SRC-1560, SRC-1561, SRC-1562, SRC-1564, SRC-1565, SRC-1566, SRC-1584, SRC-1585, SRC-1586, SRC-1587, SRC-1588, SRC-1589, SRC-1590, SRC-1591, SRC-1592, SRC-1593, SRC-1594, SRC-1595, SRC-1596, SRC-1597, SRC-1598, SRC-1599, SRC-1600, SRC-1601, SRC-1602, SRC-1605, SRC-1607, SRC-1608, SRC-1609, SRC-1610, SRC-1611, SRC-1613, SRC-1614, SRC-1615, SRC-1616, SRC-1617, SRC-1618, SRC-1619, SRC-1620, SRC-1652, SRC-1653, SRC-1654, SRC-1655, SRC-1656","SRC-0488, SRC-0491, SRC-1154, SRC-1513, SRC-1514, SRC-1515, SRC-1516, SRC-1517, SRC-1518, SRC-1520, SRC-1522, SRC-1524, SRC-1525, SRC-1526, SRC-1528, SRC-1530, SRC-1532, SRC-1533, SRC-1534, SRC-1535, SRC-1538, SRC-1540, SRC-1542, SRC-1543, SRC-1546, SRC-1549, SRC-1550, SRC-1551, SRC-1552, SRC-1554, SRC-1555, SRC-1556, SRC-1557, SRC-1559, SRC-1560, SRC-1561, SRC-1562, SRC-1564, SRC-1565, SRC-1566, SRC-1584, SRC-1585, SRC-1586, SRC-1587, SRC-1588, SRC-1589, SRC-1590, SRC-1591, SRC-1592, SRC-1593, SRC-1594, SRC-1595, SRC-1596, SRC-1597, SRC-1598, SRC-1599, SRC-1600, SRC-1601, SRC-1602, SRC-1605, SRC-1607, SRC-1608, SRC-1609, SRC-1610, SRC-1611, SRC-1613, SRC-1614, SRC-1615, SRC-1616, SRC-1617, SRC-1618, SRC-1619, SRC-1620, SRC-1652, SRC-1653, SRC-1654, SRC-1655, SRC-1656, SRC-1657, SRC-1658, SRC-1659, SRC-1660, SRC-1670, SRC-1674, SRC-1675, SRC-1676, SRC-1679",No,Anchor present
ST-OPS-01,EPIC-OPS,"SRC-0054, SRC-0381, SRC-0518, SRC-0520, SRC-0528, SRC-0548, SRC-0549, SRC-0550, SRC-0551, SRC-0552, SRC-0553, SRC-0554, SRC-0556, SRC-0557, SRC-0558, SRC-0559, SRC-0560, SRC-0561, SRC-0562, SRC-0563, SRC-1035, SRC-1040, SRC-1041, SRC-1044, SRC-1052, SRC-1182, SRC-1189, SRC-1203, SRC-1204, SRC-1205, SRC-1206, SRC-1221, SRC-1379, SRC-1382, SRC-1393, SRC-1466, SRC-1467, SRC-1468, SRC-1469, SRC-1470, SRC-1471, SRC-1472, SRC-1473, SRC-1474, SRC-1475, SRC-1476, SRC-1508, SRC-1509, SRC-1510, SRC-1649","SRC-0054, SRC-0381, SRC-0518, SRC-0520, SRC-0528, SRC-0549, SRC-0550, SRC-0551, SRC-0552, SRC-0553, SRC-0554, SRC-0555, SRC-0556, SRC-0557, SRC-0558, SRC-0559, SRC-0560, SRC-0561, SRC-0562, SRC-0563, SRC-1035, SRC-1040, SRC-1041, SRC-1044, SRC-1052, SRC-1182, SRC-1189, SRC-1203, SRC-1204, SRC-1205, SRC-1206, SRC-1221, SRC-1379, SRC-1382, SRC-1393, SRC-1466, SRC-1467, SRC-1468, SRC-1469, SRC-1470, SRC-1471, SRC-1472, SRC-1473, SRC-1474, SRC-1475, SRC-1476, SRC-1508, SRC-1509, SRC-1510, SRC-1649, SRC-1650, SRC-1651",No,Anchor present
ST-OPS-02,EPIC-OPS,"SRC-0046, SRC-0500, SRC-0501, SRC-0502, SRC-0503, SRC-1108, SRC-1181, SRC-1184, SRC-1185, SRC-1186, SRC-1188, SRC-1204, SRC-1206","SRC-0046, SRC-0500, SRC-0501, SRC-0502, SRC-0503, SRC-1108, SRC-1181, SRC-1184, SRC-1185, SRC-1186, SRC-1187, SRC-1188, SRC-1189, SRC-1204, SRC-1206",No,Anchor present
ST-OPS-03,EPIC-OPS,SRC-1648,SRC-1648,No,Anchor present
ST-CON-05,EPIC-CONTENT,,"SRC-0049, SRC-0379, SRC-0470, SRC-0472, SRC-1075",No,Missing anchor
ST-CON-06,EPIC-CONTENT,,"SRC-0049, SRC-0379, SRC-0470, SRC-0472, SRC-1075",No,Missing anchor
ST-CON-07,EPIC-CONTENT,,"SRC-0049, SRC-0379, SRC-0470, SRC-0472, SRC-1075",No,Missing anchor
ST-CON-08,EPIC-CONTENT,,"SRC-0049, SRC-0379, SRC-0470, SRC-0472, SRC-1075",No,Missing anchor
ST-CON-09,EPIC-CONTENT,SRC-0473,"SRC-0049, SRC-0379, SRC-0471, SRC-0473, SRC-1075",No,Missing anchor
ST-CON-10,EPIC-CONTENT,SRC-0473,"SRC-0049, SRC-0379, SRC-0471, SRC-0473, SRC-1075",No,Missing anchor
ST-CON-11,EPIC-CONTENT,SRC-0473,"SRC-0049, SRC-0379, SRC-0471, SRC-0473, SRC-1075",No,Missing anchor
ST-CON-12,EPIC-CONTENT,SRC-0473,"SRC-0049, SRC-0379, SRC-0471, SRC-0473, SRC-1075",No,Missing anchor
ST-CON-13,EPIC-CONTENT,SRC-0473,"SRC-0049, SRC-0379, SRC-0471, SRC-0473, SRC-1075",No,Missing anchor
ST-CON-14,EPIC-CONTENT,SRC-0473,"SRC-0049, SRC-0379, SRC-0471, SRC-0473, SRC-1075",No,Missing anchor
ST-CON-15,EPIC-CONTENT,SRC-0473,"SRC-0049, SRC-0379, SRC-0471, SRC-0473, SRC-1075",No,Missing anchor
ST-CON-16,EPIC-CONTENT,SRC-0473,"SRC-0049, SRC-0379, SRC-0471, SRC-0473, SRC-1075",No,Missing anchor
ST-BRD-05,EPIC-BOARD,"SRC-0484, SRC-0485, SRC-0486","SRC-0047, SRC-0477, SRC-0478, SRC-0484, SRC-0485, SRC-0486, SRC-0491, SRC-1141, SRC-1142, SRC-1143, SRC-1146, SRC-1154, SRC-1167",No,Anchor present
ST-WEB-08,EPIC-WEB,"SRC-0452, SRC-0539, SRC-0642, SRC-0644, SRC-0645, SRC-0646, SRC-0647, SRC-0648, SRC-0649, SRC-0650, SRC-0651, SRC-0652, SRC-0659, SRC-0666, SRC-0669, SRC-0822, SRC-0828, SRC-0829, SRC-0830, SRC-0831, SRC-0833, SRC-0858, SRC-0907, SRC-0916, SRC-0918, SRC-1381, SRC-1383, SRC-1385, SRC-1398, SRC-1402, SRC-1403, SRC-1404, SRC-1405, SRC-1418, SRC-1424, SRC-1479","SRC-0452, SRC-0539, SRC-0642, SRC-0644, SRC-0645, SRC-0646, SRC-0647, SRC-0648, SRC-0649, SRC-0650, SRC-0651, SRC-0652, SRC-0659, SRC-0666, SRC-0669, SRC-0822, SRC-0828, SRC-0829, SRC-0830, SRC-0831, SRC-0833, SRC-0858, SRC-0907, SRC-0916, SRC-0918, SRC-1381, SRC-1383, SRC-1385, SRC-1398, SRC-1402, SRC-1403, SRC-1404, SRC-1405, SRC-1418, SRC-1424, SRC-1479",No,Anchor present
ST-INS-07,EPIC-INSIGHTS,SRC-1213,SRC-1213,No,Anchor present
ST-INS-08,EPIC-INSIGHTS,"SRC-0499, SRC-1213","SRC-0499, SRC-1213",No,Anchor present
ST-INS-09,EPIC-INSIGHTS,"SRC-0499, SRC-1030, SRC-1213,SRC-0473","SRC-0499, SRC-1030, SRC-1213",No,Anchor present
