TaskID,ParentStory,SourceID,SourceStatus,TaskOrConstraint
TASK-0001,ST-AUTH-01,"SRC-0373,SRC-1036",Existing / Verify,"Private Redaktion/Cockpit-Routen, Rollen und Sitzungen prüfen; Cockpit zusätzlich gegen noindex, no-store und dieselben HTTPS-/Cookie-Regeln wie Redaktion verifizieren."
TASK-0002,ST-INS-01,SRC-0374,Existing / Verify,"- ~~Verschlüsselte Google-/YouTube-Verbindung, manueller und zeitgesteuerter Sync, Datenbanksperre, Monitoring, Audit-Log und automatisierte Tests.~~"
TASK-0003,ST-INS-01,SRC-0375,Existing / Verify,"- ~~Erster Import mit 25 Videos, 33 Kanal-Tageswerten, 825 Video-Tageswerten und allen damals fälligen Snapshots.~~"
TASK-0004,ST-INS-01,SRC-0376,Existing / Verify,"- ~~Dashboard, Video-Liste, Content Planner, Master Context und regelbasierte Basis-Insights.~~"
TASK-0005,ST-INS-01,SRC-0377,Existing / Verify,"- ~~Format- und Content-Audit: 2 aktuelle Shorts, 4 Legacy-Clips, 19 Longforms sowie Keep-/Repackage-/Nicht-weiterverfolgen-Entscheidungen.~~"
TASK-0006,ST-INS-01,SRC-0378,Existing / Verify,- ~~Sicherer Audit-Export V2; anonym ist der Endpunkt nicht erreichbar.~~
TASK-0007,ST-CON-01,SRC-0379,Existing / Verify,"- ~~Drei nächste Tests im Live-Planner als `validated`: VAN (Hymer Langzeiterfahrung), EXPLORE (California → Hymer), MOVE (Bike oder Kajak / Basecamp).~~"
TASK-0008,ST-CON-02,SRC-0379,Existing / Verify,"- ~~Drei nächste Tests im Live-Planner als `validated`: VAN (Hymer Langzeiterfahrung), EXPLORE (California → Hymer), MOVE (Bike oder Kajak / Basecamp).~~"
TASK-0009,ST-CON-03,SRC-0379,Existing / Verify,"- ~~Drei nächste Tests im Live-Planner als `validated`: VAN (Hymer Langzeiterfahrung), EXPLORE (California → Hymer), MOVE (Bike oder Kajak / Basecamp).~~"
TASK-0010,ST-CON-01,SRC-0380,Existing / Verify,"- ~~Low-Effort-Creator-System mit Vorher-/Währenddessen-/Danach-Checkliste, festem Wiederverwendungsablauf sowie geschätzten und tatsächlichen Stunden im Planner.~~"
TASK-0011,ST-OPS-01,"SRC-0381,SRC-1040",Existing / Verify,Release-Prüfung und Restorebeleg führen; additive Cockpit-Migration gegen Redaktionstabellen/-daten und veröffentlichte Reiseberichte mit Schema-/Datenvergleich als Negativregression prüfen.
TASK-0012,ST-WEB-03,SRC-0382,Existing / Verify,Cross-route verification of the shared keyboard-accessible photo viewer remains in the release/coverage slice; SEO basis is tracked in its responsible story.
TASK-0013,ST-SEO-01,SRC-0382,Existing / Verify,"- ~~Öffentliche HTTPS-Website, SEO-Basis und gemeinsamer, tastaturbedienbarer Foto-Viewer.~~"
TASK-0014,ST-AN-01,SRC-0386,Planned,"- [ ] **ANALYTICS 0.1 – Bestand aufnehmen.** Routen, Generatoren, CMS-Status, Auth/Rollen, Preview/Publishing, bestehendes Tracking, Umgebungen, Docker, PostgreSQL, CSP, Datenschutzlogik, Tests und Projektregeln prüfen. **Abnahme:** Ist-Zustand und wiederverwendbare Integrationspunkte sind mit Quellen belegt."
TASK-0015,ST-AN-01,SRC-0387,Planned,"- [ ] **ANALYTICS 0.2 – Konflikte und Betriebsentscheidungen klären.** Konkrete Dateistruktur, Hosting und Zugang für Umami, Datenaufbewahrung, nötige Datenschutz-/Consent-Entscheidungen und Berührungspunkte mit CMS 1–3 sowie Cockpit dokumentieren. Konflikte mit geltenden Regeln vor betroffenem Code entscheiden. **Abnahme:** Ein umsetzbarer, begrenzter erster Release ist beschrieben; keine bestehende Funktion wird stillschweigend ersetzt."
TASK-0016,ST-AN-01,SRC-0389,Planned,"- [ ] **ANALYTICS 1.1 – Zentrale Spezifikation vervollständigen.** `docs/analytics.md` anhand ANALYTICS 0 mit API, Policy, Events, Schema-Version, Properties, Content-IDs, Provider-Mapping, Umgebungen, Sicherheit, Datenschutz, Performance und Testfällen konkretisieren. **Abnahme:** Projektregeln verweisen darauf; es gibt keine zweite aktive Analytics-Spezifikation."
TASK-0017,ST-AN-01,SRC-0390,Planned,"- [ ] **ANALYTICS 1.2 – IDs und Eventschema v1 festlegen.** Bestehende stabile Content-IDs wiederverwenden; englische `snake_case`-Eventnamen, erlaubte Properties, Typen, Längen und Versionierung für `page_view` sowie die priorisierten Content-Ereignisse festhalten. **Abnahme:** Umbenannte URLs ändern die Content-Identität nicht; keine freien Eingabestrings als Events."
TASK-0018,ST-AN-01,SRC-0392,Planned,"- [ ] **ANALYTICS 2.1 – Policy und Null-Provider.** `pageView`/`track` zentral anbieten; nur anonyme Aufrufe veröffentlichter öffentlicher Inhalte in Production zulassen. Login, Admin/Editor, CMS, Draft, Planned, Preview, localhost, Development, Tests und standardmäßig Staging wählen den Null-Provider. **Abnahme:** In diesen Fällen lädt kein externes Script und es entsteht keine Analytics-Anfrage, auch auf öffentlichen Seiten bei Login."
TASK-0019,ST-AN-01,SRC-0393,Planned,"- [ ] **ANALYTICS 2.2 – Daten vor Versand begrenzen.** Eventnamen und Properties validieren, Unbekanntes verwerfen, Längen begrenzen, sensible Daten entfernen, Routen ohne unbekannte Query-Parameter normalisieren und UTM-Werte kontrolliert behandeln. **Abnahme:** Namen, E-Mail, IDs von Benutzern, Formulareingaben, Freitext und Auth-Daten gelangen nicht in Events."
TASK-0020,ST-AN-01,SRC-0394,Planned,"- [ ] **ANALYTICS 2.3 – Provider-Vertrag absichern.** Provider zentral per Konfiguration wählen, Umami-/Null-Adapter isolieren und einen Architekturtest gegen direkte Provider-Aufrufe außerhalb des Adapterbereichs einführen. **Abnahme:** Der Core funktioniert mit Null-Provider ohne Netzwerkzugriff; Content-Komponenten kennen keinen Anbieter."
TASK-0021,ST-AN-01,SRC-0396,Planned,"- [ ] **ANALYTICS 3.1 – Umami betriebsbereit anbinden.** Hosting, Konfiguration, minimale CSP-Freigaben, asynchrones Laden und fehlerfestes Mapping über den Adapter umsetzen; Umami Identify bleibt aus. Automatische Pageviews so einstellen, dass VanVenture allein `page_view` auslöst. **Abnahme:** Provider-Ausfall blockiert weder Rendering noch Navigation."
TASK-0022,ST-AN-01,SRC-0397,Planned,"- [ ] **ANALYTICS 3.2 – Referenzseite live messen.** Eine veröffentlichte öffentliche Seite über die zentrale API anbinden und nach regulärem Rollout echten Aufruf sowie Ausschluss eines eingeloggten Admins prüfen. **Wert:** Der erste nutzbare, unverfälschte Seitenaufrufbericht ist verfügbar."
TASK-0023,ST-AN-02,SRC-0398,Planned,"- [ ] **ANALYTICS 3.3 – Öffentliche Seiten vollständig anbinden.** Startseite, Sprachversionen und vorhandene Seitentypen über gemeinsame Einbindestellen und Generatoren erfassen; pro Page View höchstens ein Event. Private Routen bleiben ausgeschlossen. **Wert:** Traffic je veröffentlichter Seite ist vergleichbar, ohne Analytics-Code in einzelnen Inhalten."
TASK-0024,ST-AN-02,SRC-0399,Superseded / duplicate,CMS-Revision-Pageviews sind ausschließlich TASK-0025 unter ST-AN-08; kein zweiter gleichlautender Task unter ST-AN-02.
TASK-0025,ST-AN-08,SRC-0399,Planned,- [ ] **ANALYTICS 3.4 – Künftige CMS-Seiten anschließen.** Nach CMS 3 nur die Published Revision über denselben Einstieg messen; Working Revision und geschützte Vorschau bleiben ohne Script und Netzwerkanfrage. **Abnahme:** Eine neue öffentliche CMS-Seite braucht keinen Tracking-Code im Inhalt. Diese Story hängt von CMS 3 ab und blockiert ANALYTICS 4–8 nicht.
TASK-0026,ST-AN-03,SRC-0401,Planned,"- [ ] **ANALYTICS 4.1 – Ausgehende Content-Klicks.** `youtube_click`, `instagram_click`, `facebook_click` und `gear_click` an gemeinsamen Link-/CTA-Stellen mit erlaubtem `destination_type` erfassen. **Wert:** Sichtbar wird, welche Inhalte Besucher zu Videos, Social oder Ausrüstung führen; Klick und Navigation funktionieren auch bei Provider-Ausfall."
TASK-0027,ST-AN-09,SRC-0402,Planned,"- [ ] **ANALYTICS 4.2 – Interne Orientierung.** `gallery_open`, `related_content_click`, `cta_click`, `language_switch` und `error_404_view` nur an passenden zentralen Komponenten/Routen ergänzen. **Abnahme:** Jede Aktion erzeugt höchstens ein Ereignis, auch per Tastatur oder Mobilbedienung; Galeriedesign und Foto-Viewer bleiben unverändert."
TASK-0028,ST-AN-04,SRC-0403,Planned,- [ ] **ANALYTICS 4.3 – Lesetiefe und Video.** `article_50_percent` und `article_90_percent` nur auf geeigneten Artikeln je Page View einmal senden; `video_start` nur bei tatsächlich messbarem Start ergänzen und Embed-/Consent-Verhalten gesondert prüfen. `gallery_image_view` nur bei belegtem Nutzen und vertretbarem Volumen aktivieren. **Wert:** Leseinteresse wird ohne Ereignisflut auswertbar.
TASK-0029,ST-AN-05,SRC-0405,Planned,"- [ ] **ANALYTICS 5.1 – UTM-Standard und Helper.** `utm_source`, `utm_medium`, `utm_campaign`, `utm_content` zentral erzeugen und normalisieren; nur kurze, stabile, kleingeschriebene Werte ohne personenbezogene Daten zulassen. **Abnahme:** Instagram-, Facebook-, YouTube- und QR-Links für dieselbe Kampagne verwenden dieselbe Kampagnen-ID."
TASK-0030,ST-AN-05,SRC-0406,Planned,"- [ ] **ANALYTICS 5.2 – Wenige Goals und Berichte.** Umami-Goals für ausgewählte Ereignisse wie YouTube-Klick und 90-Prozent-Lesetiefe sowie Berichte zu Seiten, Sprachen, Quellen, Kampagnen und Content-Bereichen konfigurieren; Funnels nur bei konkreter redaktioneller Frage. **Wert:** Ein 28-Tage-Review kann den nächsten Content-Schritt anhand dokumentierter Zahlen und Datenqualitätsgrenzen begründen."
TASK-0031,ST-AN-01,SRC-0408,Planned,"- [ ] **ANALYTICS 6.1 – Core und Adapter automatisiert prüfen.** Policy, Event-/Property-Validierung, Kontext, Content-IDs, URL/UTM, Providerwahl, Null-Provider, Umami-Mapping, Fehlerfall und Verbot direkter Provider-APIs mit aussagekräftigen Unit-/Integrationstests abdecken."
TASK-0032,ST-AN-01,SRC-0409,Planned,"- [ ] **ANALYTICS 6.2 – Netzwerkverhalten durchgängig prüfen.** E2E für anonymous/published gegenüber Login, CMS, Draft, Planned, Preview, localhost, Development, Tests und Staging: Unerlaubte Fälle laden weder Script noch Analytics-Anfrage. Betroffene Live-Routen, `/healthz`, sichtbare Berichte, Performance und Datenschutzdokumentation im Abnahmebericht prüfen. **Wert:** Die Tracking-Grenzen sind reproduzierbar nachgewiesen."
TASK-0033,ST-AN-06,SRC-0411,Planned,"- [ ] **ANALYTICS 7.1 – Wechseltest.** Umami lokal durch einen Testadapter ersetzen und dieselben Pageviews, Events und Properties ohne Änderung an Seiten, Templates, Generatoren, Galerie oder CMS-Komponenten nachweisen. **Abnahme:** Konfiguration und Adapter genügen für einen Wechsel."
TASK-0034,ST-AN-06,SRC-0412,Planned,"- [ ] **ANALYTICS 7.2 – Migrationsweg dokumentieren.** Zeitlich begrenzten, optionalen Parallelbetrieb mit Vergleich von Aufrufen, Events, Quellen, Kampagnen und Goals beschreiben; Mapping und Abschaltung des alten Providers festhalten. **Ergebnis:** Ein späterer Matomo-/GA4-Wechsel ist planbar; ein zweiter Live-Provider wird hier nicht eingeführt."
TASK-0035,ST-AN-07,SRC-0414,Planned,"- [ ] **ANALYTICS 8.1 – Nutzen und Aufwand bewerten.** Nach belastbaren Berichten entscheiden, ob anonyme Tagesaggregate wie `analytics_daily` in PostgreSQL sinnvoll sind. Nur Datum, Event, Content-ID, Content-Typ, Quelle, Medium, Kampagne, Sprache und Anzahl vorsehen; keine IP, User-ID, Profile oder Rohereignisplattform. **Ergebnis:** begründete Ja-/Nein-Entscheidung; eine Implementierung erfordert einen eigenen späteren Auftrag."
TASK-0036,ST-CMS-01,SRC-0418,Planned,"- [ ] **CMS 1.1** Ist-Zustand von Datenbank, `redaction.mjs`, Cockpit/Planner, Seitengeneratoren, Routen, Navigation, SEO, Medienablage und Berechtigungen gegen die geltenden Projektregeln aufnehmen."
TASK-0037,ST-CMS-01,SRC-0419,Planned,"- [ ] **CMS 1.2** Konkreten Plan für Schema, Seitentypen und Templates, Revisionen, öffentliche/private Routen, Inline-Bearbeitung, Medien, Codex-Redaktion, SEO, Tests und Migration erstellen; Überschneidungen mit 1C, 2 und 5 sowie Entscheidungen vor Implementierung benennen."
TASK-0038,ST-CMS-01,SRC-0420,Planned,"- [ ] **CMS 1.3** Jeden Planbereich als `bestanden`, `fehlgeschlagen`, `nicht geprüft` oder `blockiert` gegen die Projektregeln ausweisen. **Gate:** Erst danach CMS 2 beginnen."
TASK-0039,ST-CMS-01,SRC-0422,Planned,"- [ ] **CMS 2.1** Allgemeines Page-Modell mit kanonischem Pfad, Seitentyp, Pillar, Template, Status (`planned`, `draft`, `ready_for_editorial`, `review`, `scheduled`, `published`, `archived`), Veröffentlichungsdatum, SEO-/Video-Feldern und Änderungsnachweis einführen; bestehende Planner- Einträge eindeutig zuordnen statt sie zu duplizieren."
TASK-0040,ST-CMS-01,SRC-0423,Planned,"- [ ] **CMS 2.2** Unveränderliche Revisionshistorie mit getrennter Working und Published Revision einführen. Rohmaterial bleibt neben redigierten Inhalten erhalten; Hero, Lead, Text, Bild/Text, Galerie, Video, Fakten, Route, Gear, CTA und Related Content leiten sich aus den vorhandenen Templates ab."
TASK-0041,ST-CMS-01,SRC-0424,Superseded / duplicate,CMS 2.3 ist ausschließlich TASK-0042 unter ST-CMS-02; dieser historische Duplikateintrag bleibt als Referenz erhalten und ist keine zweite Umsetzung.
TASK-0042,ST-CMS-02,SRC-0424,Planned,"- [ ] **CMS 2.3** Speichern, Review, geplante Veröffentlichung, Veröffentlichung, Archivierung, Rollen, CSRF, Audit und Versionskonflikte mit der bestehenden Redaktion verbinden. Nur eine berechtigte Person darf die veröffentlichte Revision ausdrücklich wechseln."
TASK-0043,ST-CMS-03,SRC-0426,Planned,- [ ] **CMS 3.1** Für Besucher ausschließlich die freigegebene Published Revision ausliefern; unveröffentlichte Pfade wie nicht vorhandene Seiten behandeln. Angemeldete Redakteure sehen die Working Revision in einer geschützten Vorschau ohne öffentliche Draft-Daten oder Editor-Code.
TASK-0044,ST-CMS-03,SRC-0427,Planned,"- [ ] **CMS 3.2** Zentrale Navigation, Sitemap, Canonicals, Metadaten und JSON-LD ausschließlich aus öffentlich freigegebenen Seiten ableiten; intern pflegbare SEO-Felder geplanter Seiten bleiben privat."
TASK-0045,ST-CMS-03,SRC-0428,Planned,"- [ ] **CMS 3.3** Sicherheits- und Regressionstests für anonyme Aufrufe, private Vorschau, alte Published Revision, `noindex`/Sitemap und bestehende statische Routen ausführen. Die Startseite behält ihr eigenes Layout."
TASK-0046,ST-CMS-04,SRC-0430,Planned,- [ ] **CMS 4.1** Texte und Bilder in einer gültigen Redaktionssitzung direkt an ihrer Position bearbeiten beziehungsweise auswählen; Speichern ändert nur die Working Revision und erkennt konkurrierende Änderungen.
TASK-0047,ST-CMS-05,SRC-0431,Planned,"- [ ] **CMS 4.2** Den reiseberichtsspezifischen Codex-Ablauf für Seitentypen verallgemeinern: Rohtext, Fassung, Struktur, Bildnotizen, SEO-Ziele, verknüpftes Video, Master Context und Revision lesen; Ergebnis als neue Review-Revision schreiben, Rohmaterial erhalten und niemals automatisch veröffentlichen."
TASK-0048,ST-CMS-06,SRC-0433,Planned,"- [ ] **CMS 5.1** Medienidentität, Prüfsumme, Herkunft, Maße, Alt-Text, Caption, Fokuspunkt, Notizen, Status, Varianten und Seitenverwendung in PostgreSQL verwalten; Original- und Webdateien liegen im kontrollierten Asset Storage. Derivate entstehen nur aus geschützten Projektkopien."
TASK-0049,ST-CMS-07,SRC-0434,Planned,"- [ ] **CMS 5.2:** Vor Umsetzung die CMS-Seitentyp-/Darstellungsmatrix anlegen: je ausdrücklich video-fähigem Seitentyp CTA oder Embed festlegen; nicht gelistete Typen erzeugen keine Darstellung. CTA bleibt direkter Link ohne VideoObject; VideoObject nur für tatsächlich eingebettete, öffentlich sichtbare Videos. Ausschließlich vorhandene yt_videos verwenden; keine zweite Verwaltung."
TASK-0050,ST-CMS-08,SRC-0436,Planned,"- [ ] **CMS 6.1** Eine bestehende veröffentlichte Seite, vorzugsweise `vehicle.html`, kontrolliert übernehmen. Vorher/nachher Funktion, Inhalt, Bildfreigaben, Darstellung in Desktop/Tablet/Mobil, Sprachen und SEO prüfen."
TASK-0051,ST-CMS-09,SRC-0437,Planned,"- [ ] **CMS 6.2** Eine noch unveröffentlichte Seite, vorzugsweise den HYMER-GCS-Langzeitbericht aus dem bestehenden Planner-Brief, als privaten Entwurf vollständig durch Redaktion, Review und Vorschau führen; öffentliche Nicht-Sichtbarkeit einschließlich Sitemap und Suche prüfen."
TASK-0052,ST-CMS-08,SRC-0438,Planned,Veröffentlichte Referenzseite vehicle.html: eigenes Vorher-/Nachher-Evidence und Acceptance Report; CMS-09 dokumentiert separat den privaten unveröffentlichten Fall.
TASK-0053,ST-CMS-09,SRC-0438,Planned,Privater unveröffentlichter Referenzartikel: eigenes Working/Review/Preview-Evidence und Acceptance Report; keine Aussage über den veröffentlichten CMS-08-Fall.
TASK-0054,ST-AUTH-01,SRC-0440,Existing / Verify,- ~~Google-Adressen der künftigen Administratoren und Redaktionskonten verbindlich festlegen und je vorhandenem Benutzer zuordnen.~~ Zwei aktive Administrationskonten sind in der Produktions-Freigabeliste zugeordnet.
TASK-0055,ST-AUTH-01,SRC-0441,Existing / Verify,"- ~~Additive Datenhaltung für Google-Provider, Google-`sub`, verifizierte E-Mail und Zeitpunkt der Zuordnung ergänzen.~~"
TASK-0056,ST-AUTH-01,SRC-0442,Existing / Verify,"- ~~Start- und Callback-Routen unter `/api/auth/google/*` mit sicherem, allowlist-geprüftem Rücksprung nach `/redaktion` oder `/cockpit` umsetzen.~~"
TASK-0057,ST-AUTH-01,"SRC-0443,SRC-1023,SRC-1024,SRC-1039",Existing / Verify,"Gemeinsame serverseitige Google-Sitzung für Redaktion und Cockpit verifizieren; nur admin und editor erhalten Zugang. Nach normalem Webcontainer-Neustart bleibt die Sitzung erhalten, Abmeldung, Deaktivierung und Rollenänderung entziehen sie sofort."
TASK-0058,ST-AUTH-01,SRC-0444,Existing / Verify,- ~~Verständliche Login-Schaltflächen und einen neutralen Hinweis für nicht freigegebene Google-Konten bereitstellen.~~
TASK-0059,ST-AUTH-01,SRC-0445,Existing / Verify,"- ~~Audit-Einträge für Anmeldung, Abmeldung, fehlgeschlagene Freigaben und administrative Konto-Zuordnungen speichern – ohne Tokens, Secrets oder vollständige sensible Identitätsdaten in Logs.~~"
TASK-0060,ST-AUTH-01,SRC-0446,Existing / Verify,"- ~~Automatisiert prüfen: gültige Anmeldung per Google und nicht freigegebenes Konto nach Anlage des separaten OAuth-Webclients live abnehmen. Wechsel Redaktion ↔ Cockpit, CSRF-Schutz, Abmeldung sowie sofortige Ungültigkeit nach Sperrung oder Rollenänderung sind automatisiert für die gemeinsame serverseitige Sitzung geprüft.~~ **Lokal geprüft am 22. September 2026:** vollständige Testreihe (18 Tests) grün. **Live abgenommen:** `/healthz`, `/redaktion` und `/cockpit` antworten mit HTTP 200; der OAuth-Start für `/cockpit` leitet mit HTTP 303 zu `accounts.google.com`; Anmeldung mit einem freigegebenen und einem nicht freigegebenen Google-Konto ist abgeschlossen."
TASK-0061,ST-WEB-02,SRC-0448,Existing / Verify,"- ~~Den Kajak-Hero als Referenzseite mit dem vom Team ausgewählten, gespiegelten Webbild (Boot rechts), Farbverlauf und Einleitung umsetzen.~~"
TASK-0062,ST-WEB-02,SRC-0449,Existing / Verify,- ~~Den dokumentierten Hero-Standard anschließend auf die verbleibenden öffentlichen Unterseiten anwenden und je Ansicht prüfen.~~
TASK-0063,ST-WEB-02,SRC-0450,Existing / Verify,Verify the shared gallery standard on the kayak and vehicle slices; travel galleries and bike-profile galleries have separate story tasks.
TASK-0064,ST-PHOTO-04,SRC-0450,Existing / Verify,"- ~~Den Galerie-Standard auf jede bestehende öffentliche Inhalts-Unterseite anwenden.~~ Damals waren fünf Radprofile klar als „in Vorbereitung“ markiert; Scott ist inzwischen als Langzeitbericht veröffentlicht. Die übrigen vier bleiben bis zur Auswahl freigegebener Originalbilder und Fakten die einzige dokumentierte, vorläufige Ausnahme."
TASK-0065,ST-WEB-02,SRC-0458,Existing / Verify,"Verify complete English editorial text, saved language choice, and return to German on the kayak/Riverstar route; bike-profile language coverage is checked separately."
TASK-0066,ST-WEB-02,"SRC-0460,SRC-0878",Planned,"Vor Ableitung aktuelle Projektregeln, Architektur, Seiten, Generatoren, Styles und Skripte mit Quellstand prüfen; freigegebene Kajak- und eigenständige Startseitenreferenz mit Datum, Quellstand und Desktop-/Tablet-/Mobilmaßen sichern; Kajakmigration danach gegen Referenz vergleichen (SRC-0460.e, SRC-0461.b, SRC-0878.b/c)."
TASK-0067,ST-WEB-03,SRC-0460,Planned,"Dokumentationsabnahme, Referenzsicherung, Bildprüfung und Live-Prüfung getrennt belegen; keine davon aus dem anderen Nachweis ableiten (SRC-0460.f)."
TASK-0068,ST-WEB-02,SRC-0461,Planned,Kajak- und Fahrzeugstruktur mit gemeinsamen freigegebenen Bausteinen ohne Inhalts- oder Funktionsverlust prüfen.
TASK-0069,ST-WEB-03,SRC-0461,Planned,Eigenständige Startseite und fehlenden Inhalts- oder Funktionsverlust im gemeinsamen Release-Nachweis prüfen.
TASK-0070,ST-WEB-04,SRC-0461,Planned,Drei Reiseberichte über den gemeinsamen Seitengenerator je Bericht prüfen.
TASK-0071,ST-WEB-05,SRC-0461,Planned,Scott und die vier vorbereitenden Radprofile als getrennten Seitentyp-Slice prüfen.
TASK-0072,ST-WEB-03,SRC-0462,Existing / Verify,"Aktuelle Navigation, Scott-/Radstatus und acht Galerien gegen den datierten Bestandsbericht je heutiger Route erneut prüfen; 13 Routen/91 Smoke-Kombinationen sind historische Evidenz (SRC-0462.b–f)."
TASK-0073,ST-WEB-02,SRC-0462,Planned,Template-Trennung und aktuelle Sichtabnahme je betroffener Route nachweisen; historische Suite nicht als neue Abnahme verwenden (SRC-0462.e–g).
TASK-0074,ST-WEB-03,SRC-0462,Planned,"Bildfreigabe, Template-, Sicht- und Live-Gates getrennt prüfen; Bestandsbericht gegenüber älterem Teilbericht und aktuellem Release-Umfang abgleichen (SRC-0462.g–i)."
TASK-0075,ST-WEB-02,SRC-0463,Planned,Neuere Marvin-Bike-Seiten vor Release verlustfrei in synchronisierten Branch integrieren und Übernahme gegen aktuellen Remote-Stand prüfen (SRC-0463.b–e).
TASK-0076,ST-PHOTO-01,SRC-0463,Planned,"Marvin-Webbilder motivweise auf Quelle, Hash und Freigabe prüfen; Verlustfreiheit im Release-Nachweis dokumentieren (SRC-0463.c)."
TASK-0077,ST-PHOTO-01,SRC-0464,Planned,"Aktuelle Bildregister, Original-/Projekt-/Webvarianten und motivweise Freigaben abgleichen; 13 Kajak-Kacheln als Gruppe abnehmen lassen, fehlende Archivtreffer/Google-Bytes/Scott-Frame offen führen; Trulli V11 nur motivweise behandeln (SRC-0464)."
TASK-0078,ST-PHOTO-03,SRC-0465,Planned,"Vier heutige Fahrzeugvarianten je Originaltreue, Änderungskette und Einzelentscheidung prüfen; ältere Chatfreigabe nicht übertragen (SRC-0465)."
TASK-0079,ST-PHOTO-01,SRC-0467,Existing / Verify,Lokalen Quell-/Kopie-/JPEG-Hash- und Sichtbeleg für hero-norway.jpg erhalten; keine Live-Prüfung daraus ableiten (SRC-0467.a–d).
TASK-0080,ST-SEO-01,SRC-0467,Planned,Open-Graph-Referenz auf assets/hero-norway.jpg und die tatsächliche Live-Auslieferung getrennt prüfen (SRC-0467.e).
TASK-0081,ST-PHOTO-01,SRC-0468,Planned,"Staging-Kopienschutz, unveränderte Quelle/Projektkopie mit Hash und vollständigen Bild-/Chat-Belegabgleich prüfen; Archiv-ACL nicht ändern und kein Nutzer-Sonderregister voraussetzen (SRC-0468)."
TASK-0082,ST-WEB-03,SRC-0469,Planned,"Zentrale Änderungswirkung je Komponente und zugeordneter Seite sowie Sicht/Funktion bei fünf Breiten prüfen; konkrete Nutzerfreigabe, exakte gepushte SHA und Live-Nachweis getrennt erfassen (SRC-0469)."
TASK-0083,ST-CON-01,SRC-0470,Existing / Verify,"- ~~Für den VAN-Test „GCS nach einem Jahr“ Zielgruppe, Nutzenversprechen, Format, Ziel/KPI, geschätzte Stunden und Verwertung verbindlich festlegen.~~ Der vollständige [Production Brief](production-briefs/gcs-nach-einem-jahr.md) ist im Live-Planner als `briefed` mit einem Zielaufwand von 8–11 Stunden hinterlegt; Archiv-first und sieben gezielte neue Dreh-Setups ersetzen einen aufwändigen Voll-Dreh."
TASK-0084,ST-CON-02,SRC-0471,Planned,"- [ ] Für die zwei übrigen validierten Tests EXPLORE (California → Hymer) und MOVE (Bike oder Kajak / Basecamp) jeweils Zielgruppe, Nutzenversprechen, Format, Ziel/KPI, geschätzte Stunden und Verwertung verbindlich festlegen."
TASK-0085,ST-CON-03,SRC-0471,Planned,"- [ ] Für die zwei übrigen validierten Tests EXPLORE (California → Hymer) und MOVE (Bike oder Kajak / Basecamp) jeweils Zielgruppe, Nutzenversprechen, Format, Ziel/KPI, geschätzte Stunden und Verwertung verbindlich festlegen."
TASK-0086,ST-CON-01,SRC-0472,Existing / Verify,- ~~Für den VAN-Test das Paket Longform → 2 eigenständige Shorts/Reels → belegte Website-Ergänzung → geprüfte Context-Fakten → 28-Tage-Review festlegen.~~ Die einzelnen Produktions- und Freigabeschritte bleiben bis zur Veröffentlichung offen.
TASK-0087,ST-CON-02,SRC-0473,Planned,- [ ] Für EXPLORE und MOVE die jeweiligen Pakete festlegen: Longform → 2 eigenständige Shorts/Reels → belegte Website-Ergänzung → geprüfte Context-Fakten → 28-Tage-Review.
TASK-0088,ST-CON-03,SRC-0473,Planned,- [ ] Für EXPLORE und MOVE die jeweiligen Pakete festlegen: Longform → 2 eigenständige Shorts/Reels → belegte Website-Ergänzung → geprüfte Context-Fakten → 28-Tage-Review.
TASK-0089,ST-CON-01,SRC-0474,Existing / Verify,"- ~~Die ersten geprüften Fakten zum VAN-Test im Master Context anlegen.~~ Zehn freigegebene, dauerhafte GCS-Fakten sind in Produktion gespeichert."
TASK-0090,ST-CON-02,SRC-0475,Planned,- [ ] Die ersten geprüften Fakten zu EXPLORE und MOVE im Master Context anlegen.
TASK-0091,ST-CON-03,SRC-0475,Planned,- [ ] Die ersten geprüften Fakten zu EXPLORE und MOVE im Master Context anlegen.
TASK-0092,ST-INS-05,SRC-0476,Planned,- [ ] Nach jeder Veröffentlichung tatsächliche Produktionsstunden ergänzen und nach frühestens 28 Tagen Nutzen pro investierter Stunde bewerten.
TASK-0093,ST-BRD-01,SRC-0479,Planned,"- [ ] Familienmitglieder, Anzeige-Namen und Board-Zugriffe festlegen; dabei klären, welche bestehende Rolle das Tablet im Küchenbetrieb benötigt."
TASK-0094,ST-BRD-01,SRC-0480,Planned,"- [ ] Prioritäten (`niedrig`, `normal`, `hoch`, `kritisch`), Fast-Track-Kriterien, Archivfrist, Review-Regeln und die ersten Beispiel-Epics/Stories gemeinsam bestätigen."
TASK-0095,ST-BRD-03,SRC-0481,Planned,"- [ ] Vor Aktivierung den versionierten Fahrzeugwarnungs-Ereignisvertrag mit Schlüssel, Schweregrad, Text, Handlung, authentifizierter Dienstidentität, Signatur/Rotation, Wiederholungsregeln, Datenminimierung und VanVenture-Admin als Betriebsverantwortung dokumentieren. Unabhängig davon bleiben externe Benachrichtigungen bis zur separaten Aktivierungsfreigabe deaktiviert."
TASK-0096,ST-BRD-01,SRC-0482,Planned,"Teilabnahme UD-2026-09-26-16 dokumentiert: ausschließlich sieben benannte Policy-Bereiche. Gesamt-Phase-0-Abnahme und technische/operative Nachweise bleiben offen; keine Board-Karten, automatischen Warnungen oder Marvin-Schreibrechte produktiv anlegen, bis die dafür erforderlichen Gates erfüllt sind."
TASK-0097,ST-BRD-01,SRC-0484,Planned,"Backlog slice: Backlog samt zulässigen Items; Projekt-Tasks müssen einer Story angehören, private To-dos sind ausgenommen. Die zwei Board-Zeilen und ihre fünf Spalten sind separat in TASK-0217/ST-BRD-05 abgebildet."
TASK-0098,ST-BRD-01,SRC-0485,Planned,"Backlog-Persistenz: additive Migration für scrum_items mit stabiler ID, Typ, Priorität, Elternbezug und erforderlichen Zeitfeldern. Board-Positionen/Übernahmen/Verlauf liegen in TASK-0218; Warnungs-Inbox/-Zuordnung in TASK-0219."
TASK-0099,ST-BRD-01,SRC-0486,Planned,Rollen- und CSRF-geschützte Backlog- und Item-Endpunkte für ST-BRD-01. Board-/Move-/Claim-/History-Endpunkte sind separat als TASK-0220/ST-BRD-05 zu prüfen.
TASK-0100,ST-BRD-02,SRC-0487,Planned,"- [ ] Eine zugängliche Tablet-Ansicht im Querformat bauen: beide Zeilen, Backlog, Karten-Details, große Bedienelemente sowie eine vollständige Tastaturalternative zu Drag-and-drop. Karte, Priorität, Fälligkeit, Übernahme und Verlauf müssen ohne Leistungs- oder Personenranking sichtbar und verständlich sein."
TASK-0101,ST-BRD-04,SRC-0488,Planned,"- [ ] Marvin-MVP auf ausdrücklich beauftragte Backlog-Anlage und zulässiges Einplanen nach Offen begrenzen; andere Board-Verschiebungen, autonome Priorisierung, Übernahmen, Done und Warnungsauflösung abweisen und auditieren."
TASK-0102,ST-BRD-03,SRC-0489,Planned,"- [ ] Die persistente Warnungs-Inbox über einen separaten, idempotenten und authentifizierten VanVenture-Ereigniskanal vorbereiten. `info` und `normal` bleiben Inbox-Ereignisse; `high` und `critical` erzeugen genau eine Fast-Track-Karte. Dienstidentität, Signatur/Schlüsselrotation, Wiederholung, Datenminimierung und der Warnungskatalog werden vor dem Einschalten verbindlich festgelegt."
TASK-0103,ST-BRD-01,SRC-0490,Planned,"- [ ] Content Planner und Scrum Board getrennt halten. Eine freiwillige Verknüpfung zu Story/Epic oder Planner-Eintrag darf nie Status, Inhalt oder Stunden automatisch überschreiben."
TASK-0104,ST-BRD-01,SRC-0491,Planned,"- [ ] Migrations-, Rechte-, CSRF-, Transaktions-, Idempotenz-, Archiv- und Tablet-Tests sowie Wiederherstellung von Board, Inbox und Verlauf aus Backup durchführen. Vor der Live-Migration einen geschützten Dump erstellen; danach `/healthz`, private Board-Route und sichtbare Bedienung live prüfen. Nur der Webdienst darf bei Bedarf kurz neu starten."
TASK-0105,ST-INS-02,SRC-0492,Planned,- [ ] Die künstliche 500-Video-Grenze im paginierten YouTube-Import entfernen und mit einem Bestand über 500 Videos automatisiert prüfen.
TASK-0106,ST-INS-03,SRC-0493,Planned,"- [ ] Die im technischen Entwurf vorgesehene Administrator-Aktion „YouTube trennen“ ergänzen: gespeicherte Token sicher löschen/widerrufen, Folge-Syncs stoppen und den Vorgang auditieren."
TASK-0107,ST-INS-04,SRC-0494,Existing / Verify,- [x] Den ersten YouTube-Reach-Report abnehmen: Am 23. September 2026 wurden zwei positive Impressionswerte (5 und 1) sowie echte CTR-Nullwerte im Cockpit eingelesen und geprüft.
TASK-0108,ST-INS-04,SRC-0495,Planned,"- [ ] Traffic Sources sowie verfügbare Retention-/Engagement-Zeitreihen mit Zeitraum, Datenstand und API-Grenzen im Cockpit sichtbar machen."
TASK-0109,ST-INS-04,SRC-0496,Planned,"- [ ] Video-Detailseite mit 1/7/28/90/365-Tage-Vergleich, Datenqualität und Long-Tail-/Alterslogik ergänzen."
TASK-0110,ST-INS-05,SRC-0497,Planned,"- [ ] Strukturierte Ziel-/Ist-Metriken mit Kennzahl, Zielwert, Istwert und Bewertungszeitpunkt entsprechend dem bestehenden Cockpit-Fachmodell content_item_metrics zuordnen. Das Tabellenmodell ist in docs/vanventure-cockpit-plan.md dokumentiert; Schemaabgleich gegen vorhandene content_items-Stundenfelder und SRC-1128 vor Implementierung."
TASK-0111,ST-INS-05,SRC-0498,Planned,- [ ] Effizienzmetriken aus tatsächlichen Stunden und veröffentlichten Ergebnissen berechnen; bis dahin keine Erfolgsbehauptung aus Views allein.
TASK-0112,ST-INS-06,SRC-0499,Planned,Document the export → external analysis → human review workflow and provenance; destination writes remain in separate stories.
TASK-0113,ST-OPS-02,SRC-0500,Planned,"Public privacy policy, terms, contact email and legal notice prepare separately; record applicable legal reviews (SRC-0500.a1–a5)."
TASK-0114,ST-OPS-02,SRC-0501,Planned,"Record real legal-text URLs, domain confirmation and verification only for required OAuth scopes (SRC-0501.a1–a3)."
TASK-0115,ST-OPS-02,SRC-0502,Planned,"After prerequisites, switch OAuth Test to Production and separately retest connection (SRC-0502.a1–a2); release approval is separate."
TASK-0116,ST-OPS-02,SRC-0503,Planned,"Document binding cockpit-data retention, export and deletion decisions with scope and location (SRC-0503.a1–a3)."
TASK-0117,ST-WEB-03,SRC-0504,Existing / Verify,Track all-gallery caption/magnifier/arrow preview and explicit design decision; record historical equipment navigation and later redirect separately (SRC-0504).
TASK-0118,ST-WEB-01,SRC-0505,Existing / Verify,Verify direct navigation and approved bike overview redirect against current routes; local menu test is historical only (SRC-0505).
TASK-0119,ST-PHOTO-02,SRC-0506,Partially Done,"Track three privately approved colour samples, four local uses and remaining motif/variant/privacy/device reviews without asserting live status (SRC-0506)."
TASK-0120,ST-PHOTO-02,SRC-0507,Blocked,Use inventory/contact sheets for motif review; record four-file vehicle exception separately; hash audit does not complete grading (SRC-0507).
TASK-0121,ST-WEB-02,SRC-0508,Existing / Verify,"Verify dated kayak/vehicle renderer, heading and card claims; enumerate remaining structural slices (SRC-0508/0509)."
TASK-0122,ST-WEB-04,SRC-0508,Existing / Verify,Verify dated common travel generator and current travel routes without content redesign (SRC-0508/0509).
TASK-0123,ST-WEB-02,SRC-0509,Planned,Enumerate and verify remaining kayak/vehicle structures without content redesign (SRC-0509).
TASK-0124,ST-WEB-03,SRC-0509,Planned,"Refresh all public routes, verify visual/device scope, present local preview, obtain separate release-scope approval, then document pushed SHA and live checks (SRC-0509)."
TASK-0125,ST-WEB-04,SRC-0509,Planned,Verify remaining common travel sections for each current travel route (SRC-0509).
TASK-0126,ST-WEB-05,SRC-0509,Planned,Verify Scott generator/hero claims and visually accept hero and full page; retain four-profile poster exception (SRC-0509).
TASK-0127,ST-PHOTO-01,SRC-0510,Planned,Privacy-Grenzen der betroffenen Ableitungen pro Motiv prüfen; gesperrte Proben nicht zeigen.
TASK-0128,ST-PHOTO-02,SRC-0510,Planned,"Verworfene Erstproben nicht als fertig zählen; je Motiv Farbe, Ausschnitt und Spiegelung im großen Vergleich prüfen."
TASK-0129,ST-PHOTO-03,SRC-0510,Planned,Vier bereits freigegebene Fahrzeugbilder aus der Farbüberarbeitung ausnehmen.
TASK-0130,ST-PHOTO-07,SRC-0510,Planned,Webeinbau und Gesamt-Review je freigegebenem Motiv vor Veröffentlichung belegen.
TASK-0131,ST-WEB-05,SRC-0511,Existing / Verify,Bereits lokal geprüfte Zentralisierung der vier Vorbereitungsprofile als Existing markieren; ausstehende Sicht- und Live-Prüfung getrennt erfassen.
TASK-0132,ST-PHOTO-01,SRC-0512,Blocked,- **Bildzuordnung – Stand 24. September 2026:** Alle neun angeforderten Google-Fotos-Dateien liegen jetzt unverändert im privaten Ordner `review/selected-originals/google-photos-incoming/`. SHA-256 der sechs Reisebilder-Downloads stimmt jeweils exakt mit der bereits aufbewahrten unveränderten Projektkopie überein; Bildregister und Abnahmebericht sind aktualisiert. Die drei Scott-Downloads sind dort ebenfalls separat aufbewahrt und gehasht; der visuelle Abgleich ordnet die breite Galerie dem Frame `133850` und das hohe Bild `133853` zu. Bearbeitungskette und Freigabe sind noch offen; das nahe Original zeigt ein Kennzeichen. Keine Webdatei wurde in diesem Schritt verändert oder veröffentlicht; der strenge Bildlauf ist damit nicht automatisch freigegeben.
TASK-0133,ST-PHOTO-01,SRC-0513,Existing / Verify,"- **Arbeitsregel, lokal dokumentiert am 23. September 2026:** Für jede Bildaufgabe auf vanventure.at ist der verbindliche Skill in `C:\Users\helmu\.codex\skills\photo-archive-safety\SKILL.md` zu lesen und anzuwenden. Diese Regel wurde nur in `AGENTS.md` des VanVenture- Repositories verankert; es wurden keine Website-Bilder verändert, geprüft, veröffentlicht oder live ausgerollt."
TASK-0134,ST-PHOTO-04,SRC-0514,Planned,"- [ ] Fahrzeugseite, Reiseberichte und Ausrüstungsliste nur mit belegten, freigegebenen Fakten und Fotos erweitern; Kennzeichen auf Webderivaten anonymisieren."
TASK-0135,ST-CON-04,SRC-0515,Planned,"- [ ] Riverstar-/Kajak-Entwurf fachlich und redaktionell freigeben, bevor er öffentlich wird; vorher Gewässer/Ort der Uferbilder und die konkrete Kritik an den Schwimmwesten klären."
TASK-0136,ST-SEO-02,SRC-0516,Planned,"- [ ] **SEO 2.1 – Search Console:** Domain mit Eigentümerkonto unabhängig verifizieren; nach erfolgreicher Bestätigung die exakte Sitemap einreichen; fünf historische und aktuelle URLs getrennt prüfen.
- [ ] **SEO 2.2 – Bing Webmaster Tools:** Domain unabhängig verifizieren; nach erfolgreicher Bestätigung dieselbe Sitemap-URL einreichen; URL-Prüfung und Datenstatus separat dokumentieren.
- [ ] **SEO 2.3 – Gemeinsames Ergebnis:** Erst nach beiden Dienstprüfungen Indexierung, Suchbegriffe, Impressionen und Klicks mit Zeiträumen und Datenlücken vergleichen. Fehlender Kontozugang bleibt als externe Voraussetzung offen."
TASK-0137,ST-SEO-03,SRC-0517,Planned,- [ ] Bei ausdrücklich ausgewählten Reisevideos passende Website-Links ergänzen; keine automatisierten Fremdbeiträge oder gekauften Links.
TASK-0138,ST-OPS-01,SRC-0518,Planned,- [ ] Backup/Restore inklusive Cockpit-Tabellen alle zwei bis vier Wochen wiederholen und dokumentieren.
TASK-0139,ST-BRD-03,SRC-0519,Planned,- [ ] Die persistente Warnungs-Inbox erst nach Umsetzung und gemeinsamer Prioritätsregel des Familien-Scrum-Boards als Benachrichtigungskanal anschließen.
TASK-0140,ST-OPS-01,SRC-0520,Planned,"- [ ] Bei jedem Web-Release Website, PostgreSQL und Caddy geschützt weiterbetreiben und `/healthz`, betroffene Route sowie sichtbares Ergebnis prüfen."
TASK-PKG014-01,ST-PHOTO-03,SRC-0466,Planned,V3-Freigabe nur für diese Webvariante abgrenzen; Front-Kennzeichen-Derivat vor Einbindung prüfen. Die spätere Entscheidung SRC-0660 gilt nur für vier genau benannte Bestandsfassungen; andere Fassungen benötigen eigene Entscheidung.
TASK-COVR1-01,ST-BRD-01,SRC-0491,Planned,"Migration, Rechte, CSRF, atomare Übernahme, Idempotenz, Archiv und gemeinsamen Restore von Board, Inbox und Verlauf mit Positiv- und Negativfällen nachweisen."
TASK-COVR1-02,ST-BRD-02,SRC-0491,Planned,Küchen-Tablet im Querformat mit Touch und vollständiger Tastaturalternative reproduzierbar prüfen.
TASK-COVR1-03,ST-BRD-03,SRC-0491,Blocked,"Nach Fachentscheidungen Warnungseingang, Wiederholung, Inbox und Restore aus dem geschützten Backup prüfen."
TASK-COVR1-04,ST-BRD-04,SRC-0491,Blocked,Marvin-Schreibrechte nur nach Auftrag sowie verweigerte Aktionen und Audit-Verlauf prüfen.
TASK-COVR1-05,ST-WEB-06,SRC-0514,Planned,Je neuem Ausrüstungslisteneintrag Sachbeleg und Fotoquelle samt Freigabe prüfen; ungeprüfte Einträge nicht veröffentlichen.
TASK-COVR1-025-01,ST-INS-01,SRC-1163,Existing / Verify,"Offene Sichtabnahme der Einordnen-Schaltfläche an echten Videodaten je Zeile, einschließlich Erkennbarkeit und Tastaturbedienung, dokumentieren; historischen Techniknachweis vom 22.09.2026 getrennt halten."
TASK-COVR1-025-02,ST-INS-01,SRC-1160,Existing / Verify,"Dashboard-Vorperiode, Top-/Flop-Videos, Datenqualität, nächste Planner-Inhalte und offene Insights mit getrennten Daten- und Sichtfällen prüfen."
TASK-COVR1-025-03,ST-INS-01,SRC-1162,Existing / Verify,"Vollständige filterbare Videoliste, Pflichtangaben jeder Zeile und Video-zu-content_items-Zuordnung ohne YouTube-Schreiben prüfen."
TASK-COVR1-025-04,ST-INS-01,SRC-1166,Existing / Verify,"Planner-Jahresgerüst, Verschiebbarkeit, Pflichtangaben, spätere YouTube-Verknüpfung und ergänzende Kurzformate mit Longform-Erhalt prüfen."
TASK-COVR1-025-05,ST-INS-01,SRC-1169,Existing / Verify,"Insight-Signale, vier Herkunftsangaben, regelbasierte Erstphase und Sperre für ungeprüfte KI-Zusammenfassungen beziehungsweise automatische Veröffentlichung prüfen."
TASK-COVR1-025-06,ST-INS-04,SRC-1164,Planned,"Detailzeitreihe, nur verfügbare Traffic-/Engagement-Werte und alle fünf Snapshot-Alter samt Datenlücken getrennt prüfen."
TASK-COVR1-025-07,ST-BRD-01,SRC-1167,Blocked,"Board-Bereiche, getrennten Planner/Backlog, beide Zeilen und fünf Spalten sowie Übernahme-, Review- und Done-Gates nach Phase-0-Entscheidung prüfen."
TASK-COVR1-025-08,ST-BRD-02,SRC-1167,Planned,Fünf Aufgabenbereiche und Board-Bedienung am Küchen-Tablet nach Rollenentscheidung mit Touch und Tastatur prüfen.
TASK-COVR1-025-09,ST-BRD-03,SRC-1168,Blocked,"Nach fachlichen Gates Persistenz, authentifizierte Herkunft, Idempotenz und einmalige Kartenanlage je high/critical samt Vorab-Sperre prüfen."
TASK-COVR1-026-01,ST-INS-01,SRC-1170,Existing / Verify,"Redaktionelle Context-Pflege, Eintragsfelder, Statuswechsel und Freigabe-Gate für Planner, Insights sowie bedingte spätere automatische Briefings/KI-Kontexte mit Positiv- und Negativfällen prüfen."
TASK-COVR1-026-02,ST-INS-01,SRC-1171,Existing / Verify,Sechs Context-Startkategorien mit allen in SRC-1171–1176 benannten Unterthemen einzeln prüfen; keine fiktiven Fakten anlegen.
TASK-COVR1-026-03,ST-INS-01,SRC-1178,Existing / Verify,"Drei YouTube-Verbindungssecrets auf private Konfiguration und Verwendung prüfen; Wertfreiheit in .env.example, Git, ungeschützten Backups und Client-Code getrennt nachweisen."
TASK-COVR1-026-04,ST-INS-01,SRC-1179,Existing / Verify,AES-256-GCM-Muster für Refresh Tokens und vor Schlüsselrotation geplantes Re-Encryption-Verfahren getrennt prüfen; Token/Schlüssel in Belegen maskieren.
TASK-COVR1-027-01,ST-INS-01,SRC-1180,Planned / Verify,Cockpit-Datenfelder und Zweckbindung prüfen; Kommentarinhalt und personenbezogene Daten ohne neu dokumentierten Bedarf getrennt als Negativfälle.
TASK-COVR1-027-02,ST-INS-01,SRC-1181,Planned / Verify,"Rohmetrik- und Audit-Log-Fristen mit Geltungsbereich, Datum und Beschluss getrennt einholen; Admin-Export-/Löschkonzept und Datenschutztext gesondert nachweisen."
TASK-COVR1-027-03,ST-INS-01,SRC-1182,Planned / Verify,"Fünf Log-Geheimnisklassen, private HTTPS-Route sowie API-Cache-Control-/Proxy-Grenze jeweils mit Negativfällen prüfen."
TASK-COVR1-027-04,ST-INS-01,SRC-1183,Planned / Verify,"YouTube-OAuth-Start-Limit und Consent Screen, Produktions-Redirect-URI, minimale Scopes sowie Google-Datenschutz-/Nutzungsanforderungen einzeln prüfen."
TASK-COVR1-027-05,ST-INS-01,SRC-1187,Planned / Verify,"Kanalinhaberin, Kennzahlen, Regionen, Währung und Datenaufbewahrung als getrennte Phase-0-Entscheidungen mit Belegen erfassen."
TASK-COVR1-027-06,ST-INS-01,SRC-1189,Planned / Verify,Cockpit-URL und Docker/Contabo-Ausführungsort des täglichen Jobs getrennt festlegen und gegen Konfiguration/Zeitplan prüfen.
TASK-COVR1-027-07,ST-WEB-07,SRC-1185,Planned / Verify,"Datenschutzerklärung auf sieben Mindestthemen, Nutzungsbedingungen auf privaten rollenbasierten Zugang und beide Texte auf Rechtsprüfung prüfen."
TASK-COVR1-027-08,ST-WEB-07,SRC-1184,Planned / Verify,Beide echten öffentlichen Rechtsseiten und URLs auf vanventure.at prüfen; redaktionelle und rechtliche Freigabe vor Eintrag in Google Auth Platform belegen.
TASK-COVR1-027-09,ST-OPS-01,SRC-1182,Planned / Verify,"Schutz der Datenbankbackups anhand Ablage, Zugriff und Restore aktuell nachweisen."
TASK-COVR1-027-10,ST-OPS-02,SRC-1186,Planned / Verify,"Google-App-Metadaten, bedingte Domain-/OAuth-Verifizierung, Testmodus, Testnutzer und erneute Freigabe einzeln als Produktionsgate prüfen."
TASK-COVR1-027-11,ST-AUTH-01,SRC-1183,Planned / Verify,Login-Rate-Limit und Cache-Control-/Proxy-Grenze privater Auth-API-Antworten getrennt prüfen.
TASK-COVR1-028-01,ST-INS-01,SRC-1190,Planned / Verify,"AC-COVR1-028-01: Der Schemaabgleich weist Migrationen für `yt_*`, Planner, Master Context und Audit-Log einzeln aus. Wiederholter Upsert, Fremdschlüsselverletzung und Indexnutzung erhalten je einen reproduzierbaren Migrationsprüffall; die andere offene `yt_`-Präfixentscheidung (`SRC-1128.a`) wird damit nicht vorweggenommen. Reproduzierbaren Befund mit Quellstand dokumentieren; keine heutige Umsetzung behauptet."
TASK-COVR1-028-02,ST-AUTH-01,SRC-1191,Planned / Verify,"AC-COVR1-028-02: Das bestehende Auth-, CSRF- und Rollenmodell schützt `/cockpit` und `/api/cockpit/*`. Eine automatisierte Rechte-Matrix prüft beide Routentypen mit angemeldeter berechtigter, angemeldeter unberechtigter und anonymer Rolle; Schreibaufrufe prüfen zusätzlich gültigen und fehlenden/ungültigen CSRF-Nachweis. Die bedingte `analytics_viewer`-Rolle wird nicht als eingeführt behauptet. Reproduzierbaren Befund mit Quellstand dokumentieren; keine heutige Umsetzung behauptet."
TASK-COVR1-028-03,ST-INS-01,SRC-1192,Planned / Verify,"AC-COVR1-028-03: Geheimnisse und Tokens liegen gemäß `SRC-1178/1179` verschlüsselt beziehungsweise privat; Konfiguration wird auf erforderliche Werte und ungültige/fehlende Werte geprüft. Logmaskierung deckt die Klassen aus `SRC-1182` mit getrennten Negativfällen. Keine Geheimniswerte erscheinen im Nachweis; diese AC verknüpft die vorhandenen Sicherheitsregeln, statt sie neu zu definieren. Reproduzierbaren Befund mit Quellstand dokumentieren; keine heutige Umsetzung behauptet."
TASK-COVR1-028-04,ST-INS-03,"SRC-1193,SRC-1025,SRC-1042",Planned / Verify,"YouTube OAuth-Connect, Callback, Kanalbestätigung, Reconnect und Disconnect getrennt prüfen. Die Kanalverbindung ist vom Web-Login getrennt und ausschließlich administrativ verwaltbar; ohne explizit gültige Kanalverbindung startet kein Sync."
TASK-COVR1-028-05,ST-INS-01,SRC-1194,Planned / Verify,"AC-COVR1-028-05: Data-API- und Analytics-API-Adapter werden getrennt an paginierten und mehrseitigen Antworten geprüft. Quoten-/Rate-Grenze, Retry nach vorübergehendem Fehler und endgültiger Fehler sind eigene Prüffälle. Das Response-Mapping weist Rohfeld, Zieldatenfeld und Verhalten bei fehlenden/ungültigen Werten je Adapter reproduzierbar aus; die offene 500-Video-Grenze im Gesamtplan bleibt als Resttask sichtbar. Reproduzierbaren Befund mit Quellstand dokumentieren; keine heutige Umsetzung behauptet."
TASK-COVR1-028-06,ST-INS-01,"SRC-1195,SRC-1026,SRC-1043",Planned / Verify,"Idempotente sichere tägliche Serversynchronisierung eines Kanals prüfen. Der automatische Job läuft im selben Container erst, nachdem der erste manuelle Sync erfolgreich abgeschlossen und visuell geprüft wurde."
TASK-COVR1-028-07,ST-INS-01,SRC-1196,Planned / Verify,"AC-COVR1-028-07: Kanal- und Video-Tagesmetriken werden je Entität/Datum geschrieben und gelesen; ein erneuter Sync korrigiert Werte im Nachzugsfenster von mindestens 35 Tagen, ohne Duplikate zu erzeugen. Fällige Snapshots werden materialisiert und je Stichtag abgerufen; ein noch nicht fälliger Snapshot wird nicht als vollständig ausgegeben. Reproduzierbaren Befund mit Quellstand dokumentieren; keine heutige Umsetzung behauptet."
TASK-COVR1-028-08,ST-INS-01,SRC-1197,Planned / Verify,"AC-COVR1-028-08: Ein Staging- oder Testkanal liefert getrennte Prüffälle für Quotenerschöpfung, Zeitzonen-/Tagesgrenze, fehlende Analytics und nachträgliche Datenkorrektur. Testkonfiguration und Prüfprotokoll belegen, dass kein Live-Token verwendet wird; Tokenwerte werden nicht ausgegeben. Reproduzierbaren Befund mit Quellstand dokumentieren; keine heutige Umsetzung behauptet."
TASK-COVR1-028-09,ST-INS-01,SRC-1198,Planned / Verify,"AC-COVR1-028-09: Der Produktionsstand vom 22.09.2026 belegt historisch die umgesetzte Oberfläche, den VAN-Planer-Eintrag „GCS nach einem Jahr“ auf `briefed` mit verbindlichem Brief und damals 24 **geschätzten** Stunden sowie zehn freigegebene GCS-Fakten im Master Context. Der jüngere Gesamtplan, Abschnitt 2, nennt für den später hinterlegten Brief 8–11 Zielstunden und dieselben zehn Fakten; der heutige Datenstand ist gesondert zu prüfen, keine Angabe sind Ist-Stunden. Technische Restaufgaben stehen dort in Abschnitt 3 (500-Video-Import, Trennen, Traffic/Retention/Engagement, Video-Vergleich, Ziel-/Ist-Metriken, Effizienz und Workflow), die zwei noch offenen Briefs EXPLORE/MOVE in Abschnitt 2. Ihre offenen Checkboxen bleiben offen; keine historische Aussage gilt als aktuelle Implementation Verification. Reproduzierbaren Befund mit Quellstand dokumentieren; keine heutige Umsetzung behauptet."
TASK-COVR1-028-10,ST-INS-01,"SRC-1199,SRC-1017",Planned / Verify,Private Dashboard- und Videoansichten einschließlich Sync-Status und Fehlerzuständen prüfen; fehlgeschlagener letzter Lauf und überfälliger Datenstand müssen in der privaten Übersicht als getrennte Zustände erkennbar sein.
TASK-COVR1-029-01,ST-INS-01,"SRC-1200,SRC-1029",Planned / Verify,Content Planner Jahresansicht und genau zwölf Longform-Slots einzeln prüfen; Implementation Verification bleibt bis zum realen Prüfnachweis offen.
TASK-COVR1-029-02,ST-INS-01,"SRC-1201,SRC-1030",Planned / Verify,"Master-Context-Kategorien und die benannten Themen Van/Hymer, Reisen, Outdoor, MTB, Kajak, Hund und Mission Paris einzeln mit Herkunft/Reviewstatus prüfen; keine unbelegten Fakten ergänzen."
TASK-COVR1-029-03,ST-INS-01,SRC-1202,Planned / Verify,"AC-COVR1-029-03: Regelbasierten Insight gegen sichtbare Daten, Regel und Berechnungsgrundlage prüfen. Aktuelle Implementation Verification offen."
TASK-COVR1-029-04a,ST-INS-01,SRC-1203,Planned / Verify,"AC-COVR1-029-04a: API-, Migrations- und Sync-Idempotenztests getrennt in npm test ergänzen und ausführen. Aktuelle Implementation Verification offen."
TASK-COVR1-029-04b,ST-AUTH-01,SRC-1203,Planned / Verify,"AC-COVR1-029-04b: Berechtigungs-, OAuth-State- und Tokenverschlüsselungstests getrennt in npm test ergänzen und ausführen. Aktuelle Implementation Verification offen."
TASK-COVR1-029-04c,ST-OPS-01,SRC-1203,Planned / Verify,AC-COVR1-029-04c: Sechs Testbereiche und npm-test-Lauf vor einschlägigem Release mit Quellstand belegen. Aktuelle Implementation Verification offen.
TASK-COVR1-029-05a,ST-OPS-01,SRC-1204,Planned / Verify,AC-COVR1-029-05a: Backup/Restore jeder neuen Cockpit-Tabelle mit Datenkonsistenz belegen. Aktuelle Implementation Verification offen.
TASK-COVR1-029-05b,ST-OPS-02,SRC-1204,Planned / Verify,AC-COVR1-029-05b: Datensparsame Admin-Löschroutine spezifizieren; Implementierung und Ausführung gesondert prüfen. Aktuelle Implementation Verification offen.
TASK-COVR1-029-06,ST-OPS-01,SRC-1205,Planned / Verify,"AC-COVR1-029-06: Drei Monitorzustände und regelmäßige Ausführung prüfen; Kanal, Verantwortung und Aktivierung nach Nutzerentscheidung prüfen. Aktuelle Implementation Verification offen."
TASK-COVR1-029-07b,ST-OPS-01,SRC-1206,Planned / Verify,"AC-COVR1-029-07b: Datenschutz-, Sicherheits- und Fachabnahme vor Contabo-Aktivierung getrennt prüfen; Release-Gate gesondert. Aktuelle Implementation Verification offen."
TASK-COVR1-029-07,ST-INS-01,SRC-1207,Planned / Verify,AC-COVR1-029-07: Datierte Reporting-/Reach-Bestandsbelege abgleichen; heutigen Code-/Live-Stand separat prüfen. Aktuelle Implementation Verification offen.
TASK-COVR1-029-08,ST-INS-04,SRC-1208,Planned / Verify,"AC-COVR1-029-08: Traffic, verfügbare Retention/Engagement, Zeitraum und API-Grenzen prüfen; optionalen Fehler ohne Kern-Sync-Blockade prüfen. Aktuelle Implementation Verification offen."
TASK-COVR1-029-09,ST-INS-01,SRC-1208,Planned / Verify,AC-COVR1-029-07: Historische Reporting-Export-Erfassung getrennt von künftigem Traffic-/Retention-/Engagement-Umfang abgleichen. Aktuelle Implementation Verification offen.
TASK-COVR1-029-10,ST-INS-01,SRC-1209,Planned / Verify,AC-COVR1-029-07: Ersten Reach-Tagesreport und damalige Cockpit-Abnahme als datierte Belege abgleichen; Audit V2 gesondert prüfen. Aktuelle Implementation Verification offen.
TASK-COVR1-030-1210,ST-INS-05,SRC-1210,Planning verification open,"Formatklassen, zwei Stundenfelder, datierten Bestand und Datenbedingung der Kennzahl getrennt prüfen."
TASK-COVR1-030-1211,ST-INS-04,SRC-1211,Planning verification open,"Vergleichsgruppen, Datenqualitätsstatus, Long-Tail-/Alterslogik und Snapshot-Vergleich der geplanten Audit-Ansicht prüfen."
TASK-COVR1-030-1212,ST-INS-01,SRC-1212,Planning verification open,"Historischen JSON-V2-Export, Feldliste, Datenstand, Geheimnisausschluss, HTTP 401 und optionales CSV getrennt prüfen."
TASK-COVR1-030-1213,ST-INS-06,SRC-1213,Planning verification open,"Verify export, human review, source provenance, approval, and no-unreviewed-write/no-YouTube-writeback boundaries."
TASK-COVR1-030-1214,ST-AUTH-01,SRC-1214,Planning verification open,"HTML, sämtliche Cockpit-APIs und sofortigen Zugriffsentzug nach Deaktivierung negativ prüfen."
TASK-COVR1-030-1215,ST-INS-03,SRC-1215,Planning verification open,Google-Verbindungsänderung und Sync-Start je nach Rolle sowie kanalbezogene Speicherung unabhängig vom Login prüfen.
TASK-COVR1-030-1216,ST-INS-01,SRC-1216,Planning verification open,Wiederholten Sync auf Tageswert- und Snapshot-Duplikate sowie protokollierten Lauf prüfen.
TASK-COVR1-030-1217,ST-INS-04,SRC-1217,Planning verification open,Fünf Altersstände auf verfügbare Werte und vollständige/unvollständige Kennzeichnung prüfen.
TASK-COVR1-030-1218,ST-INS-01,SRC-1218,Planning verification open,"Export-Mindestfelder und Ausschluss von Token, Secret, Nutzer-/Kontodaten und Sitzungen prüfen."
TASK-COVR1-030-1219,ST-INS-04,SRC-1219,Planning verification open,Shorts/Longform-Trennung und vorläufige oder unterdrückte Schlussfolgerungen je Datenlücke/API-Grenze prüfen.
TASK-COVR1-031-01,ST-INS-01,SRC-1220,Planning verification open,Fünf Cockpit-Ansichten gegen private API und öffentlichen Build ohne Cockpitdaten prüfen.
TASK-COVR1-031-02,ST-AUTH-01,SRC-1221,Planning verification open,Fünf Secret-/Token-Austrittskanäle mit redigierten Negativbefunden prüfen; Release-Gate bei ST-OPS-01.
TASK-COVR1-031-03,ST-INS-06,SRC-1222,Planning verification open,Preserve the Cockpit-plan scope exclusions and external-platform classes as rules; verify only their application to this reviewed workflow.
TASK-COVR1-031-04,ST-INS-06,SRC-1224,Planning verification open,KI-Entscheidung und Drittübermittlung getrennt abweisen; Nutzerentscheidung zum künftigen KI-Gate offen halten.
TASK-COVR1-031-05,ST-WEB-03,SRC-1379,Planning verification open,"Website-Umbau, Bildbestandsprüfung und Live-Freigabe als drei getrennte Nachweisstände prüfen."
TASK-COVR1-031-06,ST-WEB-03,SRC-1381,Planning verification open,Aktuelles öffentliches Routeninventar und künftige Seiten-/Bildfälle gegen geltende Regeln und Einzelbelege prüfen.
TASK-COVR1-037-01,ST-PHOTO-01,"SRC-1435,SRC-1436,SRC-1440",Planning verification open,"Gesamten veröffentlichten Bildbestand mit identischen Dateien, allen Verwendungen/Ansichten, stabilem Bilddatensatz und getrennten offenen Feldern inventarisieren; regelkonforme Dateien unverändert lassen."
TASK-COVR1-037-02,ST-PHOTO-01,"SRC-1433,SRC-1437,SRC-1438,SRC-1439",Planning verification open,Skill-Version und Vorrang der VanVenture-Regeln je Bildarbeit protokollieren; Personen-/Kennzeichenmasken je Variante einschließlich größter Ansicht prüfen; unklare konkrete Motive zurückstellen.
TASK-COVR1-037-03,ST-PHOTO-01,"SRC-1442,SRC-1443",Planning verification open,Vor Bildverarbeitung aufgelöste Archivgrenzen und alle Ausgabe-/Temp-/Toolpfade prüfen; Quelle und unveränderte Projektkopie per Hash vergleichen und nachgelagerten Unverändertheitsbefund erfassen.
TASK-COVR1-037-04,ST-WEB-03,SRC-1441,Planning verification open,Nach gesondertem Release die tatsächlich veröffentlichten Varianten und Verwendungen gegen motiv-/ortsgebundene Freigaben prüfen; fehlende Belege einzeln offen melden.
TASK-COVR1-038-01,ST-PHOTO-01,SRC-1444,Planning verification open,Unveränderte Kopie und getrennten Hashvergleich vor Ableitung protokollieren; nur daraus in gesondertem Projekt-Ausgabeordner ableiten und öffentliche Web-/Repository-Ziele auf Originale und Archivdaten prüfen.
TASK-COVR1-038-02,ST-PHOTO-01,"SRC-1445,SRC-1446,SRC-1447,SRC-1448",Planning verification open,Technische Lese-/Schreibgrenze und Schreibziel-Allowlist samt aufgelösten Link-/Junction-Pfaden dokumentieren; isolierte Testdateien und lesende Archivkontrolle prüfen; bei fehlender oder unprüfbarer Trennung gefährdete Automatisierung stoppen.
TASK-COVR1-038-03,ST-PHOTO-01,"SRC-1449,SRC-1450,SRC-1451,SRC-1452",Planning verification open,"Geschütztes Vorher-Manifest für alle verwendeten Originale vor Lauf sichern; unabhängigen Nachvergleich, bedingten vollständigen Verzeichnisabgleich und Grenzen der jeweiligen Prüfaussage berichten."
TASK-COVR1-038-04,ST-PHOTO-01,"SRC-1452,SRC-1453",Planning verification open,"Bei unerwarteter Änderung sofort stoppen, Belege und ursprüngliches Manifest sichern, Vorfall melden und Wiederherstellung nur nach ausdrücklicher Vorfallfreigabe planen."
TASK-COVR1-039-01,ST-PHOTO-01,SRC-1454,Planning verification open,"Geschützte Speicherorte und Zugriffskreis für Quellpfade, Originalbilder und sensible Bildinformationen belegen; öffentlichen Webbestand und ungeschützte Prüfberichte separat auf Offenlegung prüfen."
TASK-COVR1-039-02,ST-WEB-03,"SRC-1455,SRC-1456,SRC-1457,SRC-1458,SRC-1461",Planning verification open,Je betroffener Web-/Foto-Story Guide-Regel und belegten Freigabeumfang prüfen; nötigen Vorschlag mit Scope/Impact/Vorschau-Status vorbereiten und Zwischenzustand bis zur konkreten Entscheidung dokumentieren.
TASK-COVR1-039-03,ST-WEB-03,"SRC-1462,SRC-1463,SRC-1464,SRC-1465",Planning verification open,"Nur nach belegter Freigabe Guide, zentrale Nutzer, nötige Skill-Verweise, Tests und Status abgleichen; Änderungsbeleg, Sichtprüfungsreferenzen sowie unveränderte Test-/Referenzqualität prüfen."
TASK-COVR1-040-01,ST-WEB-03,"SRC-1466,SRC-1468,SRC-1469,SRC-1470,SRC-1471,SRC-1472,SRC-1473",Planning verification open,"Für jeden betroffenen Web-Slice wesentliche geltende Regeln anhand stabiler Quellen/Versionen inventarisieren und Matrixfelder für Scope, tatsächliche Umsetzung, Prüfmethode, Ergebnis und Belege einzeln prüfen."
TASK-COVR1-040-02,ST-PHOTO-01,"SRC-1466,SRC-1469,SRC-1474,SRC-1475",Planning verification open,"Für jeden betroffenen Foto-Slice Matrixvollständigkeit, geschützte Daten, Ergebniszustand, echte Ausnahmen sowie Maschinen- und Sichtprüfbelege einschließlich konkretem Befund prüfen."
TASK-COVR1-040-03,ST-OPS-01,"SRC-1472,SRC-1473,SRC-1474,SRC-1475,SRC-1476",Planning verification open,"Matrixnachweise für betroffene Betriebsslices mit tatsächlichem Quellstand, Build und gegebenenfalls Live-Release abgleichen; lokale und Live-Ergebnisse, offene Abweichungen, echte Freigaben und Grenzen getrennt prüfen."
TASK-COVR1-041-03,ST-OPS-03,SRC-1648,Planned / blocked,"AC-COVR1-041-03: Nach dokumentierter Kanal-/Empfängerentscheidung beide Auslöser, tatsächliche Zustellung, Fehlerfall und Zustellstatus getrennt prüfen; bis dahin Nachrichtentransport aus. Implementation Verification offen."
TASK-COVR1-042-01,ST-BRD-04,SRC-1658,Deferred / decision open,"Nach mehreren Wochen realer Marvin-Nutzung Nutzungsbefund sichern; zusätzliche bestätigte Aktionen und kompakte Monitoringansicht getrennt entscheiden. Erinnerungen, wiederkehrende Wartung und Druckübersicht einzeln als optionale Kandidaten prüfen; je beauftragtem Ausbau Datenschutz- und Bedienentscheidung dokumentieren. Keine MVP-Umsetzung oder Freigabe ableiten."
TASK-0200,ST-CON-05,SRC-0472,Planned,"Das 1. Kurzformat ist eine eigenständig verständliche Fassung mit eigenem Schnitt, geprüftem Kontext und separater Abnahme. Es kann unabhängig vom zweiten Kurzformat und von der Website-Ergänzung ausgeliefert werden. Rechte, Personen- und Bildschutz sowie Releasefreigabe werden vor Veröffentlichung einzeln belegt."
TASK-0201,ST-CON-06,SRC-0472,Planned,"Das 2. Kurzformat ist eine eigenständig verständliche Fassung mit eigenem Schnitt, geprüftem Kontext und separater Abnahme. Es kann unabhängig vom zweiten Kurzformat und von der Website-Ergänzung ausgeliefert werden. Rechte, Personen- und Bildschutz sowie Releasefreigabe werden vor Veröffentlichung einzeln belegt."
TASK-0202,ST-CON-07,SRC-0472,Planned,Die Website-Ergänzung enthält nur belegte eigene Erfahrung und einzeln freigegebene Webderivate. Ihr Auslöser folgt ausschließlich der noch offenen Veröffentlichungsentscheidung; Longform allein oder das Gesamtpaket wird nicht vorweggenommen. Die Ergänzung besitzt eigene Acceptance Criteria und Prüfung.
TASK-0203,ST-CON-08,SRC-0472,Planned,"Nach 28 Tagen wird für den jeweiligen VAN-Inhalt ein Review mit den im Brief festgelegten Kennzahlen und Zielwerten dokumentiert. Rohwerte, Interpretation und offene Unsicherheiten sind unterscheidbar. Das Review verändert oder blockiert nicht rückwirkend die eigenständige Abnahme der Veröffentlichung."
TASK-0204,ST-CON-09,SRC-0473,Planned,"Das 1. Kurzformat ist eine eigenständig verständliche Fassung mit eigenem Schnitt, geprüftem Kontext und separater Abnahme. Es kann unabhängig vom zweiten Kurzformat und von der Website-Ergänzung ausgeliefert werden. Rechte, Personen- und Bildschutz sowie Releasefreigabe werden vor Veröffentlichung einzeln belegt."
TASK-0205,ST-CON-10,SRC-0473,Planned,"Das 2. Kurzformat ist eine eigenständig verständliche Fassung mit eigenem Schnitt, geprüftem Kontext und separater Abnahme. Es kann unabhängig vom ersten Kurzformat und von der Website-Ergänzung ausgeliefert werden. Rechte, Personen- und Bildschutz sowie Releasefreigabe werden vor Veröffentlichung einzeln belegt."
TASK-0206,ST-CON-11,SRC-0473,Planned,Die Website-Ergänzung enthält nur belegte eigene Erfahrung und einzeln freigegebene Webderivate. Ihr Auslöser folgt ausschließlich der noch offenen Veröffentlichungsentscheidung; Longform allein oder das Gesamtpaket wird nicht vorweggenommen. Die Ergänzung besitzt eigene Acceptance Criteria und Prüfung.
TASK-0207,ST-CON-12,SRC-0473,Planned,"Nach 28 Tagen wird für den jeweiligen EXPLORE-Inhalt ein Review mit den im Brief festgelegten Kennzahlen und Zielwerten dokumentiert. Rohwerte, Interpretation und offene Unsicherheiten sind unterscheidbar. Das Review verändert oder blockiert nicht rückwirkend die eigenständige Abnahme der Veröffentlichung."
TASK-0208,ST-CON-13,SRC-0473,Planned,"Das 1. Kurzformat ist eine eigenständig verständliche Fassung mit eigenem Schnitt, geprüftem Kontext und separater Abnahme. Es kann unabhängig vom zweiten Kurzformat und von der Website-Ergänzung ausgeliefert werden. Rechte, Personen- und Bildschutz sowie Releasefreigabe werden vor Veröffentlichung einzeln belegt."
TASK-0209,ST-CON-14,SRC-0473,Planned,"Das 2. Kurzformat ist eine eigenständig verständliche Fassung mit eigenem Schnitt, geprüftem Kontext und separater Abnahme. Es kann unabhängig vom ersten Kurzformat und von der Website-Ergänzung ausgeliefert werden. Rechte, Personen- und Bildschutz sowie Releasefreigabe werden vor Veröffentlichung einzeln belegt."
TASK-0210,ST-CON-15,SRC-0473,Planned,Die Website-Ergänzung enthält nur belegte eigene Erfahrung und einzeln freigegebene Webderivate. Ihr Auslöser folgt ausschließlich der noch offenen Veröffentlichungsentscheidung; Longform allein oder das Gesamtpaket wird nicht vorweggenommen. Die Ergänzung besitzt eigene Acceptance Criteria und Prüfung.
TASK-0211,ST-CON-16,SRC-0473,Planned,"Nach 28 Tagen wird für den jeweiligen MOVE-Inhalt ein Review mit den im Brief festgelegten Kennzahlen und Zielwerten dokumentiert. Rohwerte, Interpretation und offene Unsicherheiten sind unterscheidbar. Das Review verändert oder blockiert nicht rückwirkend die eigenständige Abnahme der Veröffentlichung."
TASK-0217,ST-BRD-05,SRC-0484,Planned,Board workflow: zwei Zeilen Fast Track/Scrum Board mit den fünf Spalten; nur bewusst eingeplante Tasks/To-dos einplanen; Fast Track nur für hoch/kritisch.
TASK-0218,ST-BRD-05,SRC-0485,Planned,"Board-Persistenz der geforderten Positionen/Claims/Verläufe; konkrete Tabellen-/Speichernamen sind Implementierungswahl, Verhalten und Transaktionsgrenzen sind maßgeblich."
TASK-0219,ST-BRD-03,SRC-0485,Planned,Warnungs-Persistenz: scrum_alert_inbox und scrum_alert_links ausschließlich in der eigenen Inbox-/Warnungs-Story.
TASK-0220,ST-BRD-05,SRC-0486,Planned,"Rollen-/CSRF-geschützte Board-, Position-, Move-, Claim- und History-Endpunkte; In-Arbeit-Übergang atomar, keine Teilzustände, sichere Audit-/Verlaufsdaten."
TASK-0221,ST-BRD-05,SRC-0491,Planned,"Board-Vertical-Slice mit Positiv-/Negativfällen für Migration, Berechtigung, CSRF, Transaktion, Idempotenz, Audit-Verlauf und Restore prüfen."
TASK-FA-0968-01,ST-SEO-01,SRC-0968,Existing / Verify,"Verify shared editor/seo.mjs path; after static regeneration run node tools/build-seo.mjs and confirm export-pages automatic invocation; record node --test editor/*.test.mjs. Run python tools/verify-seo.py only after the existing release authorization. Record current SHA, exact commands, results, and evidence; historical 2026-09-19 evidence is not current verification."
TASK-R6-SEO-04,ST-SEO-04,"SRC-0976,SRC-0977",Planned,"Norwegen-Reisebericht: belegte Etappen, Stellplätze, Reisezeiten und eigene Erfahrungen sichten; fehlende Fakten offen lassen; redaktionelle Freigabe und SEO-Fakten für genau diesen Bericht dokumentieren."
TASK-R6-SEO-05,ST-SEO-05,"SRC-0976,SRC-0977",Planned,"Sardinien-Reisebericht: belegte Etappen, Stellplätze, Reisezeiten und eigene Camper-/Mountainbike-Erfahrungen prüfen; unbelegte Kosten, Tipps oder Ergebnisse auslassen; Einzelfreigabe dokumentieren."
TASK-R6-SEO-06,ST-SEO-06,"SRC-0976,SRC-0977",Planned,Italien-Reisebericht: belegte Etappen der fünf Wochen und eigene Erfahrungen prüfen; fehlende Angaben offen lassen; Redaktionsfreigabe für genau diesen Bericht dokumentieren.
TASK-R6-SEO-07,ST-SEO-07,"SRC-0976,SRC-0042",Planned,HYMER Grand Canyon S CrossOver 2025: Modelljahr und Fahrzeugangaben ausschließlich aus belegten freigegebenen Fakten prüfen; Fotoentscheidung getrennt lassen.
TASK-R6-PHOTO-05,ST-PHOTO-05,"SRC-0525,SRC-0527",Planned / publication hold,Am unveränderten Projektderivat ausschließlich die bestätigten Masten präzise retuschieren; 100%-Artefaktprüfung durchführen und neues Derivat bis zur Einzelbildfreigabe zurückhalten.
TASK-INS-07-1213,ST-INS-07,SRC-1213,Planning verification open,Verify separate approved human-reviewed mapping and provenance when writing the Insights target.
TASK-INS-08-1213,ST-INS-08,SRC-1213,Planning verification open,Verify separate approved human-reviewed mapping and provenance when writing the Planner target.
TASK-INS-09-1213,ST-INS-09,SRC-1213,Planning verification open,Verify separate approved human-reviewed mapping and provenance when writing the Master Context target.
TASK-WEB-08-0539,ST-WEB-08,SRC-0539,Existing / Verify,"Verify only the dated, explicitly approved homepage card/spacing outcome; infer no new visual rule."
TASK-WEB-04-GALLERY,ST-WEB-04,SRC-0450,Existing / Verify,Verify the shared gallery standard on existing travel-report pages under their travel-story template.
TASK-WEB-05-GALLERY,ST-WEB-05,SRC-0450,Existing / Verify,Verify the shared gallery standard on Scott and retain the four documented preparation-profile exceptions.
TASK-0065-WEB05,ST-WEB-05,SRC-0458,Existing / Verify,"Verify complete English editorial text, saved language choice, and return to German on the bike-profile route; do not claim removed overview pages as current public routes."
